<?xml-stylesheet type="text/xsl" href="..\..\dco.xsl"?>
<B id="20240729.000001">
	<V n="TYPE">watsonxai</V>
	<V n="LAST_RR_TPROFILE">PageID:3</V>
	<D id="20240729.000001.01">
		<V n="TYPE">DocInvoice</V>
		<V n="STATUS">0</V>
		<P id="TM000001">
			<V n="TYPE">Invoice</V>
			<V n="STATUS">49</V>
			<V n="IMAGEFILE">tm000001.pdf</V>
			<V n="PageName">6900026063</V>
			<V n="ScanSrcPath">C:\Datacap\watsonxai\images\Input\6900026063.pdf</V>
			<V n="hr_NormalizeTMM">0</V>
			<V n="hr_NormalizeAVG">0</V>
			<V n="NumPages">2</V>
			<V n="layout">TM000001_layout.xml</V>
			<V n="Page0Languages">2</V>
			<V n="Page0Language0">English</V>
			<V n="Page0LanguageWords0">351</V>
			<V n="Page0Language1"></V>
			<V n="Page1Languages">1</V>
			<V n="Page1Language0"></V>
			<V n="CCOFILE">TM000001.cco</V>
			<V n="LLMPageType">Invoice</V>
			<V n="SaveLLMjson">-Extract</V>
			<V n="DATAFILE">tm000001.xml</V>
		</P>
	</D>
	<D id="20240729.000001.02">
		<V n="TYPE">DocInvoice</V>
		<V n="STATUS">0</V>
		<P id="TM000002">
			<V n="TYPE">Invoice</V>
			<V n="STATUS">49</V>
			<V n="IMAGEFILE">tm000002.tif</V>
			<V n="PageName">APT008</V>
			<V n="ScanSrcPath">C:\Datacap\watsonxai\images\Input\APT008.tif</V>
			<V n="hr_NormalizeTMM">0</V>
			<V n="hr_NormalizeAVG">0</V>
			<V n="NumPages">2</V>
			<V n="layout">TM000002_layout.xml</V>
			<V n="Page0Languages">2</V>
			<V n="Page0Language0">English</V>
			<V n="Page0LanguageWords0">135</V>
			<V n="Page0Language1"></V>
			<V n="Page1Languages">1</V>
			<V n="Page1Language0"></V>
			<V n="CCOFILE">TM000002.cco</V>
			<V n="LLMPageType">Invoice</V>
			<V n="SaveLLMjson">-Extract</V>
			<V n="DATAFILE">tm000002.xml</V>
		</P>
	</D>
	<D id="20240729.000001.03">
		<V n="TYPE">DocBOL</V>
		<V n="STATUS">0</V>
		<P id="TM000003">
			<V n="TYPE">BillofLading</V>
			<V n="STATUS">49</V>
			<V n="IMAGEFILE">tm000003.tif</V>
			<V n="PageName">BOL_001</V>
			<V n="ScanSrcPath">C:\Datacap\watsonxai\images\Input\BOL_001.tif</V>
			<V n="hr_NormalizeTMM">0</V>
			<V n="hr_NormalizeAVG">0</V>
			<V n="NumPages">2</V>
			<V n="layout">TM000003_layout.xml</V>
			<V n="Page0Languages">2</V>
			<V n="Page0Language0">English</V>
			<V n="Page0LanguageWords0">430</V>
			<V n="Page0Language1"></V>
			<V n="Page1Languages">1</V>
			<V n="Page1Language0"></V>
			<V n="CCOFILE">TM000003.cco</V>
			<V n="LLMPageType">Straight Bill of Lading</V>
			<V n="MESSAGE">The character string &quot;bank statement&quot; is not contained in the character string &quot;straight bill of lading&quot; that was found in the TM000003 field.</V>
			<V n="SaveLLMjson">-Extract</V>
			<V n="DATAFILE">tm000003.xml</V>
		</P>
	</D>
</B>
