<?xml-stylesheet type="text/xsl" href="..\..\dco.xsl"?>
<P id="TM000001">
<F id="InvoiceNum">
	<V n="TYPE">InvoiceNum</V>
	<V n="Position">428,757,793,806</V>
	<V n="STATUS">0</V>
	<C cn="10" cr="0,0,0,0">54</C>
	<C cn="10" cr="0,0,0,0">57</C>
	<C cn="10" cr="0,0,0,0">48</C>
	<C cn="10" cr="0,0,0,0">48</C>
	<C cn="10" cr="0,0,0,0">48</C>
	<C cn="10" cr="0,0,0,0">50</C>
	<C cn="10" cr="0,0,0,0">54</C>
	<C cn="10" cr="0,0,0,0">48</C>
	<C cn="10" cr="0,0,0,0">54</C>
	<C cn="10" cr="0,0,0,0">51</C>
</F>
<F id="BillToName">
	<V n="TYPE">BillToName</V>
	<V n="Position">491,1410,1161,1453</V>
	<V n="STATUS">0</V>
	<C cn="10" cr="0,0,0,0">70</C>
	<C cn="10" cr="0,0,0,0">85</C>
	<C cn="10" cr="0,0,0,0">74</C>
	<C cn="10" cr="0,0,0,0">73</C>
	<C cn="10" cr="0,0,0,0">84</C>
	<C cn="10" cr="0,0,0,0">83</C>
	<C cn="10" cr="0,0,0,0">85</C>
	<C cn="10" cr="0,0,0,0">32</C>
	<C cn="10" cr="0,0,0,0">83</C>
	<C cn="10" cr="0,0,0,0">69</C>
	<C cn="10" cr="0,0,0,0">82</C>
	<C cn="10" cr="0,0,0,0">86</C>
	<C cn="10" cr="0,0,0,0">73</C>
	<C cn="10" cr="0,0,0,0">67</C>
	<C cn="10" cr="0,0,0,0">69</C>
	<C cn="10" cr="0,0,0,0">83</C>
	<C cn="10" cr="0,0,0,0">32</C>
	<C cn="10" cr="0,0,0,0">76</C>
	<C cn="10" cr="0,0,0,0">84</C>
	<C cn="10" cr="0,0,0,0">68</C>
</F>
<F id="BillToAddress">
	<V n="TYPE">BillToAddress</V>
	<V n="Position">0,0,0,0</V>
	<V n="STATUS">0</V>
	<C cn="10" cr="0,0,0,0">76</C>
	<C cn="10" cr="0,0,0,0">79</C>
	<C cn="10" cr="0,0,0,0">86</C>
	<C cn="10" cr="0,0,0,0">69</C>
	<C cn="10" cr="0,0,0,0">76</C>
	<C cn="10" cr="0,0,0,0">65</C>
	<C cn="10" cr="0,0,0,0">67</C>
	<C cn="10" cr="0,0,0,0">69</C>
	<C cn="10" cr="0,0,0,0">32</C>
	<C cn="10" cr="0,0,0,0">82</C>
	<C cn="10" cr="0,0,0,0">79</C>
	<C cn="10" cr="0,0,0,0">65</C>
	<C cn="10" cr="0,0,0,0">68</C>
	<C cn="10" cr="0,0,0,0">10</C>
	<C cn="10" cr="0,0,0,0">82</C>
	<C cn="10" cr="0,0,0,0">71</C>
	<C cn="10" cr="0,0,0,0">49</C>
	<C cn="10" cr="0,0,0,0">50</C>
	<C cn="10" cr="0,0,0,0">32</C>
	<C cn="10" cr="0,0,0,0">56</C>
	<C cn="10" cr="0,0,0,0">83</C>
	<C cn="10" cr="0,0,0,0">78</C>
	<C cn="10" cr="0,0,0,0">32</C>
	<C cn="10" cr="0,0,0,0">66</C>
	<C cn="10" cr="0,0,0,0">82</C>
	<C cn="10" cr="0,0,0,0">65</C>
	<C cn="10" cr="0,0,0,0">67</C>
	<C cn="10" cr="0,0,0,0">75</C>
	<C cn="10" cr="0,0,0,0">78</C>
	<C cn="10" cr="0,0,0,0">69</C>
	<C cn="10" cr="0,0,0,0">76</C>
	<C cn="10" cr="0,0,0,0">76</C>
	<C cn="10" cr="0,0,0,0">10</C>
	<C cn="10" cr="0,0,0,0">85</C>
	<C cn="10" cr="0,0,0,0">110</C>
	<C cn="10" cr="0,0,0,0">105</C>
	<C cn="10" cr="0,0,0,0">116</C>
	<C cn="10" cr="0,0,0,0">101</C>
	<C cn="10" cr="0,0,0,0">100</C>
	<C cn="10" cr="0,0,0,0">32</C>
	<C cn="10" cr="0,0,0,0">75</C>
	<C cn="10" cr="0,0,0,0">105</C>
	<C cn="10" cr="0,0,0,0">110</C>
	<C cn="10" cr="0,0,0,0">103</C>
	<C cn="10" cr="0,0,0,0">100</C>
	<C cn="10" cr="0,0,0,0">111</C>
	<C cn="10" cr="0,0,0,0">109</C>
</F>
<F id="Date">
	<V n="TYPE">Date</V>
	<V n="Position">1803,756,2132,805</V>
	<V n="STATUS">0</V>
	<C cn="10" cr="0,0,0,0">48</C>
	<C cn="10" cr="0,0,0,0">50</C>
	<C cn="10" cr="0,0,0,0">47</C>
	<C cn="10" cr="0,0,0,0">48</C>
	<C cn="10" cr="0,0,0,0">52</C>
	<C cn="10" cr="0,0,0,0">47</C>
	<C cn="10" cr="0,0,0,0">50</C>
	<C cn="10" cr="0,0,0,0">48</C>
	<C cn="10" cr="0,0,0,0">50</C>
	<C cn="10" cr="0,0,0,0">52</C>
</F>
<F id="ShipTo">
	<V n="TYPE">ShipTo</V>
	<V n="Position">0,0,0,0</V>
	<V n="STATUS">0</V>
	<C cn="10" cr="0,0,0,0">70</C>
	<C cn="10" cr="0,0,0,0">85</C>
	<C cn="10" cr="0,0,0,0">74</C>
	<C cn="10" cr="0,0,0,0">73</C>
	<C cn="10" cr="0,0,0,0">84</C>
	<C cn="10" cr="0,0,0,0">83</C>
	<C cn="10" cr="0,0,0,0">85</C>
	<C cn="10" cr="0,0,0,0">32</C>
	<C cn="10" cr="0,0,0,0">83</C>
	<C cn="10" cr="0,0,0,0">69</C>
	<C cn="10" cr="0,0,0,0">82</C>
	<C cn="10" cr="0,0,0,0">86</C>
	<C cn="10" cr="0,0,0,0">73</C>
	<C cn="10" cr="0,0,0,0">67</C>
	<C cn="10" cr="0,0,0,0">69</C>
	<C cn="10" cr="0,0,0,0">83</C>
	<C cn="10" cr="0,0,0,0">32</C>
	<C cn="10" cr="0,0,0,0">76</C>
	<C cn="10" cr="0,0,0,0">84</C>
	<C cn="10" cr="0,0,0,0">68</C>
	<C cn="10" cr="0,0,0,0">10</C>
	<C cn="10" cr="0,0,0,0">84</C>
	<C cn="10" cr="0,0,0,0">82</C>
	<C cn="10" cr="0,0,0,0">65</C>
	<C cn="10" cr="0,0,0,0">70</C>
	<C cn="10" cr="0,0,0,0">65</C>
	<C cn="10" cr="0,0,0,0">76</C>
	<C cn="10" cr="0,0,0,0">71</C>
	<C cn="10" cr="0,0,0,0">65</C>
	<C cn="10" cr="0,0,0,0">82</C>
	<C cn="10" cr="0,0,0,0">32</C>
	<C cn="10" cr="0,0,0,0">72</C>
	<C cn="10" cr="0,0,0,0">79</C>
	<C cn="10" cr="0,0,0,0">85</C>
	<C cn="10" cr="0,0,0,0">83</C>
	<C cn="10" cr="0,0,0,0">69</C>
	<C cn="10" cr="0,0,0,0">44</C>
	<C cn="10" cr="0,0,0,0">32</C>
	<C cn="10" cr="0,0,0,0">84</C>
	<C cn="10" cr="0,0,0,0">69</C>
	<C cn="10" cr="0,0,0,0">77</C>
	<C cn="10" cr="0,0,0,0">80</C>
	<C cn="10" cr="0,0,0,0">76</C>
	<C cn="10" cr="0,0,0,0">69</C>
	<C cn="10" cr="0,0,0,0">32</C>
	<C cn="10" cr="0,0,0,0">67</C>
	<C cn="10" cr="0,0,0,0">79</C>
	<C cn="10" cr="0,0,0,0">85</C>
	<C cn="10" cr="0,0,0,0">82</C>
	<C cn="10" cr="0,0,0,0">84</C>
	<C cn="10" cr="0,0,0,0">10</C>
	<C cn="10" cr="0,0,0,0">68</C>
	<C cn="10" cr="0,0,0,0">65</C>
	<C cn="10" cr="0,0,0,0">84</C>
	<C cn="10" cr="0,0,0,0">65</C>
	<C cn="10" cr="0,0,0,0">32</C>
	<C cn="10" cr="0,0,0,0">65</C>
	<C cn="10" cr="0,0,0,0">86</C>
	<C cn="10" cr="0,0,0,0">69</C>
	<C cn="10" cr="0,0,0,0">78</C>
	<C cn="10" cr="0,0,0,0">85</C>
	<C cn="10" cr="0,0,0,0">69</C>
	<C cn="10" cr="0,0,0,0">10</C>
	<C cn="10" cr="0,0,0,0">87</C>
	<C cn="10" cr="0,0,0,0">65</C>
	<C cn="10" cr="0,0,0,0">51</C>
	<C cn="10" cr="0,0,0,0">32</C>
	<C cn="10" cr="0,0,0,0">54</C>
	<C cn="10" cr="0,0,0,0">71</C>
	<C cn="10" cr="0,0,0,0">68</C>
	<C cn="10" cr="0,0,0,0">32</C>
	<C cn="10" cr="0,0,0,0">82</C>
	<C cn="10" cr="0,0,0,0">73</C>
	<C cn="10" cr="0,0,0,0">83</C>
	<C cn="10" cr="0,0,0,0">76</C>
	<C cn="10" cr="0,0,0,0">69</C>
	<C cn="10" cr="0,0,0,0">89</C>
	<C cn="10" cr="0,0,0,0">32</C>
	<C cn="10" cr="0,0,0,0">87</C>
	<C cn="10" cr="0,0,0,0">65</C>
	<C cn="10" cr="0,0,0,0">82</C>
	<C cn="10" cr="0,0,0,0">82</C>
	<C cn="10" cr="0,0,0,0">73</C>
	<C cn="10" cr="0,0,0,0">78</C>
	<C cn="10" cr="0,0,0,0">71</C>
	<C cn="10" cr="0,0,0,0">84</C>
	<C cn="10" cr="0,0,0,0">79</C>
	<C cn="10" cr="0,0,0,0">78</C>
	<C cn="10" cr="0,0,0,0">10</C>
	<C cn="10" cr="0,0,0,0">85</C>
	<C cn="10" cr="0,0,0,0">110</C>
	<C cn="10" cr="0,0,0,0">105</C>
	<C cn="10" cr="0,0,0,0">116</C>
	<C cn="10" cr="0,0,0,0">101</C>
	<C cn="10" cr="0,0,0,0">100</C>
	<C cn="10" cr="0,0,0,0">32</C>
	<C cn="10" cr="0,0,0,0">75</C>
	<C cn="10" cr="0,0,0,0">105</C>
	<C cn="10" cr="0,0,0,0">110</C>
	<C cn="10" cr="0,0,0,0">103</C>
	<C cn="10" cr="0,0,0,0">100</C>
	<C cn="10" cr="0,0,0,0">111</C>
	<C cn="10" cr="0,0,0,0">109</C>
</F>
<F id="SubTotal">
	<V n="TYPE">SubTotal</V>
	<V n="Position">4449,4117,4778,4174</V>
	<V n="STATUS">0</V>
	<C cn="10" cr="0,0,0,0">50</C>
	<C cn="10" cr="0,0,0,0">56</C>
	<C cn="10" cr="0,0,0,0">56</C>
	<C cn="10" cr="0,0,0,0">44</C>
	<C cn="10" cr="0,0,0,0">54</C>
	<C cn="10" cr="0,0,0,0">50</C>
	<C cn="10" cr="0,0,0,0">57</C>
	<C cn="10" cr="0,0,0,0">46</C>
	<C cn="10" cr="0,0,0,0">48</C>
	<C cn="10" cr="0,0,0,0">53</C>
</F>
<F id="Tax">
	<V n="TYPE">Tax</V>
	<V n="Position">4484,4400,4766,4458</V>
	<V n="STATUS">0</V>
	<C cn="10" cr="0,0,0,0">53</C>
	<C cn="10" cr="0,0,0,0">55</C>
	<C cn="10" cr="0,0,0,0">44</C>
	<C cn="10" cr="0,0,0,0">55</C>
	<C cn="10" cr="0,0,0,0">50</C>
	<C cn="10" cr="0,0,0,0">53</C>
	<C cn="10" cr="0,0,0,0">46</C>
	<C cn="10" cr="0,0,0,0">56</C>
	<C cn="10" cr="0,0,0,0">49</C>
</F>
<F id="Total">
	<V n="TYPE">Total</V>
	<V n="Position">4447,4569,4775,4626</V>
	<V n="STATUS">0</V>
	<C cn="10" cr="0,0,0,0">51</C>
	<C cn="10" cr="0,0,0,0">52</C>
	<C cn="10" cr="0,0,0,0">54</C>
	<C cn="10" cr="0,0,0,0">44</C>
	<C cn="10" cr="0,0,0,0">51</C>
	<C cn="10" cr="0,0,0,0">53</C>
	<C cn="10" cr="0,0,0,0">52</C>
	<C cn="10" cr="0,0,0,0">46</C>
	<C cn="10" cr="0,0,0,0">56</C>
	<C cn="10" cr="0,0,0,0">54</C>
</F>
<F id="MyLineItem">
	<V n="TYPE">MyLineItem</V>
	<V n="Position">1981,2883,4778,4174</V>
	<V n="STATUS">0</V>
	<F id="MyLineItem1">
		<V n="Position">1981,2883,2652,2944</V>
		<V n="STATUS">0</V>
		<F id="Description">
			<V n="Position">1981,2883,2652,2944</V>
			<V n="STATUS">0</V>
			<C cn="10" cr="0,0,0,0">73</C>
			<C cn="10" cr="0,0,0,0">66</C>
			<C cn="10" cr="0,0,0,0">77</C>
			<C cn="10" cr="0,0,0,0">32</C>
			<C cn="10" cr="0,0,0,0">77</C>
			<C cn="10" cr="0,0,0,0">97</C>
			<C cn="10" cr="0,0,0,0">105</C>
			<C cn="10" cr="0,0,0,0">110</C>
			<C cn="10" cr="0,0,0,0">116</C>
			<C cn="10" cr="0,0,0,0">101</C>
			<C cn="10" cr="0,0,0,0">110</C>
			<C cn="10" cr="0,0,0,0">97</C>
			<C cn="10" cr="0,0,0,0">110</C>
			<C cn="10" cr="0,0,0,0">99</C>
			<C cn="10" cr="0,0,0,0">101</C>
		</F>
		<F id="Date from / to">
			<V n="STATUS">0</V>
		</F>
		<F id="VAT %">
			<V n="STATUS">0</V>
		</F>
		<F id="Net Amount">
			<V n="STATUS">0</V>
		</F>
	</F>
	<F id="MyLineItem2">
		<V n="Position">2883,4116,4778,4174</V>
		<V n="STATUS">0</V>
		<F id="Description">
			<V n="STATUS">0</V>
			<C cn="10" cr="0,0,0,0">67</C>
			<C cn="10" cr="0,0,0,0">117</C>
			<C cn="10" cr="0,0,0,0">115</C>
			<C cn="10" cr="0,0,0,0">116</C>
			<C cn="10" cr="0,0,0,0">111</C>
			<C cn="10" cr="0,0,0,0">109</C>
			<C cn="10" cr="0,0,0,0">101</C>
			<C cn="10" cr="0,0,0,0">114</C>
			<C cn="10" cr="0,0,0,0">32</C>
			<C cn="10" cr="0,0,0,0">114</C>
			<C cn="10" cr="0,0,0,0">101</C>
			<C cn="10" cr="0,0,0,0">102</C>
			<C cn="10" cr="0,0,0,0">101</C>
			<C cn="10" cr="0,0,0,0">114</C>
			<C cn="10" cr="0,0,0,0">101</C>
			<C cn="10" cr="0,0,0,0">110</C>
			<C cn="10" cr="0,0,0,0">99</C>
			<C cn="10" cr="0,0,0,0">101</C>
			<C cn="10" cr="0,0,0,0">58</C>
			<C cn="10" cr="0,0,0,0">32</C>
			<C cn="10" cr="0,0,0,0">73</C>
			<C cn="10" cr="0,0,0,0">78</C>
			<C cn="10" cr="0,0,0,0">86</C>
			<C cn="10" cr="0,0,0,0">79</C>
			<C cn="10" cr="0,0,0,0">73</C>
			<C cn="10" cr="0,0,0,0">67</C>
			<C cn="10" cr="0,0,0,0">69</C>
			<C cn="10" cr="0,0,0,0">32</C>
			<C cn="10" cr="0,0,0,0">70</C>
			<C cn="10" cr="0,0,0,0">79</C>
			<C cn="10" cr="0,0,0,0">82</C>
			<C cn="10" cr="0,0,0,0">32</C>
			<C cn="10" cr="0,0,0,0">67</C>
			<C cn="10" cr="0,0,0,0">79</C>
			<C cn="10" cr="0,0,0,0">78</C>
			<C cn="10" cr="0,0,0,0">84</C>
			<C cn="10" cr="0,0,0,0">82</C>
			<C cn="10" cr="0,0,0,0">65</C>
			<C cn="10" cr="0,0,0,0">67</C>
			<C cn="10" cr="0,0,0,0">84</C>
			<C cn="10" cr="0,0,0,0">32</C>
			<C cn="10" cr="0,0,0,0">73</C>
			<C cn="10" cr="0,0,0,0">68</C>
			<C cn="10" cr="0,0,0,0">45</C>
			<C cn="10" cr="0,0,0,0">48</C>
			<C cn="10" cr="0,0,0,0">48</C>
			<C cn="10" cr="0,0,0,0">50</C>
			<C cn="10" cr="0,0,0,0">51</C>
			<C cn="10" cr="0,0,0,0">51</C>
			<C cn="10" cr="0,0,0,0">50</C>
			<C cn="10" cr="0,0,0,0">55</C>
			<C cn="10" cr="0,0,0,0">51</C>
			<C cn="10" cr="0,0,0,0">10</C>
			<C cn="10" cr="0,0,0,0">65</C>
			<C cn="10" cr="0,0,0,0">83</C>
			<C cn="10" cr="0,0,0,0">32</C>
			<C cn="10" cr="0,0,0,0">80</C>
			<C cn="10" cr="0,0,0,0">69</C>
			<C cn="10" cr="0,0,0,0">82</C>
			<C cn="10" cr="0,0,0,0">32</C>
			<C cn="10" cr="0,0,0,0">83</C>
			<C cn="10" cr="0,0,0,0">73</C>
			<C cn="10" cr="0,0,0,0">71</C>
			<C cn="10" cr="0,0,0,0">78</C>
			<C cn="10" cr="0,0,0,0">69</C>
			<C cn="10" cr="0,0,0,0">68</C>
			<C cn="10" cr="0,0,0,0">32</C>
			<C cn="10" cr="0,0,0,0">73</C>
			<C cn="10" cr="0,0,0,0">66</C>
			<C cn="10" cr="0,0,0,0">77</C>
			<C cn="10" cr="0,0,0,0">32</C>
			<C cn="10" cr="0,0,0,0">84</C>
			<C cn="10" cr="0,0,0,0">101</C>
			<C cn="10" cr="0,0,0,0">99</C>
			<C cn="10" cr="0,0,0,0">104</C>
			<C cn="10" cr="0,0,0,0">110</C>
			<C cn="10" cr="0,0,0,0">111</C>
			<C cn="10" cr="0,0,0,0">108</C>
			<C cn="10" cr="0,0,0,0">111</C>
			<C cn="10" cr="0,0,0,0">103</C>
			<C cn="10" cr="0,0,0,0">121</C>
			<C cn="10" cr="0,0,0,0">32</C>
			<C cn="10" cr="0,0,0,0">76</C>
			<C cn="10" cr="0,0,0,0">105</C>
			<C cn="10" cr="0,0,0,0">102</C>
			<C cn="10" cr="0,0,0,0">101</C>
			<C cn="10" cr="0,0,0,0">99</C>
			<C cn="10" cr="0,0,0,0">121</C>
			<C cn="10" cr="0,0,0,0">99</C>
			<C cn="10" cr="0,0,0,0">108</C>
			<C cn="10" cr="0,0,0,0">101</C>
			<C cn="10" cr="0,0,0,0">32</C>
			<C cn="10" cr="0,0,0,0">83</C>
			<C cn="10" cr="0,0,0,0">101</C>
			<C cn="10" cr="0,0,0,0">114</C>
			<C cn="10" cr="0,0,0,0">118</C>
			<C cn="10" cr="0,0,0,0">105</C>
			<C cn="10" cr="0,0,0,0">99</C>
			<C cn="10" cr="0,0,0,0">101</C>
			<C cn="10" cr="0,0,0,0">115</C>
			<C cn="10" cr="0,0,0,0">32</C>
			<C cn="10" cr="0,0,0,0">40</C>
			<C cn="10" cr="0,0,0,0">84</C>
			<C cn="10" cr="0,0,0,0">76</C>
			<C cn="10" cr="0,0,0,0">83</C>
			<C cn="10" cr="0,0,0,0">41</C>
			<C cn="10" cr="0,0,0,0">10</C>
			<C cn="10" cr="0,0,0,0">83</C>
			<C cn="10" cr="0,0,0,0">99</C>
			<C cn="10" cr="0,0,0,0">104</C>
			<C cn="10" cr="0,0,0,0">101</C>
			<C cn="10" cr="0,0,0,0">100</C>
			<C cn="10" cr="0,0,0,0">117</C>
			<C cn="10" cr="0,0,0,0">108</C>
			<C cn="10" cr="0,0,0,0">101</C>
			<C cn="10" cr="0,0,0,0">44</C>
			<C cn="10" cr="0,0,0,0">32</C>
			<C cn="10" cr="0,0,0,0">83</C>
			<C cn="10" cr="0,0,0,0">73</C>
			<C cn="10" cr="0,0,0,0">71</C>
			<C cn="10" cr="0,0,0,0">78</C>
			<C cn="10" cr="0,0,0,0">69</C>
			<C cn="10" cr="0,0,0,0">68</C>
			<C cn="10" cr="0,0,0,0">32</C>
			<C cn="10" cr="0,0,0,0">70</C>
			<C cn="10" cr="0,0,0,0">79</C>
			<C cn="10" cr="0,0,0,0">82</C>
			<C cn="10" cr="0,0,0,0">32</C>
			<C cn="10" cr="0,0,0,0">66</C>
			<C cn="10" cr="0,0,0,0">89</C>
			<C cn="10" cr="0,0,0,0">32</C>
			<C cn="10" cr="0,0,0,0">67</C>
			<C cn="10" cr="0,0,0,0">108</C>
			<C cn="10" cr="0,0,0,0">105</C>
			<C cn="10" cr="0,0,0,0">118</C>
			<C cn="10" cr="0,0,0,0">101</C>
			<C cn="10" cr="0,0,0,0">32</C>
			<C cn="10" cr="0,0,0,0">82</C>
			<C cn="10" cr="0,0,0,0">101</C>
			<C cn="10" cr="0,0,0,0">101</C>
			<C cn="10" cr="0,0,0,0">115</C>
			<C cn="10" cr="0,0,0,0">32</C>
			<C cn="10" cr="0,0,0,0">79</C>
			<C cn="10" cr="0,0,0,0">78</C>
			<C cn="10" cr="0,0,0,0">32</C>
			<C cn="10" cr="0,0,0,0">48</C>
			<C cn="10" cr="0,0,0,0">55</C>
			<C cn="10" cr="0,0,0,0">47</C>
			<C cn="10" cr="0,0,0,0">48</C>
			<C cn="10" cr="0,0,0,0">55</C>
			<C cn="10" cr="0,0,0,0">47</C>
			<C cn="10" cr="0,0,0,0">50</C>
			<C cn="10" cr="0,0,0,0">48</C>
			<C cn="10" cr="0,0,0,0">50</C>
			<C cn="10" cr="0,0,0,0">51</C>
			<C cn="10" cr="0,0,0,0">10</C>
			<C cn="10" cr="0,0,0,0">80</C>
			<C cn="10" cr="0,0,0,0">85</C>
			<C cn="10" cr="0,0,0,0">82</C>
			<C cn="10" cr="0,0,0,0">67</C>
			<C cn="10" cr="0,0,0,0">72</C>
			<C cn="10" cr="0,0,0,0">65</C>
			<C cn="10" cr="0,0,0,0">83</C>
			<C cn="10" cr="0,0,0,0">69</C>
			<C cn="10" cr="0,0,0,0">32</C>
			<C cn="10" cr="0,0,0,0">79</C>
			<C cn="10" cr="0,0,0,0">82</C>
			<C cn="10" cr="0,0,0,0">68</C>
			<C cn="10" cr="0,0,0,0">69</C>
			<C cn="10" cr="0,0,0,0">82</C>
			<C cn="10" cr="0,0,0,0">32</C>
			<C cn="10" cr="0,0,0,0">78</C>
			<C cn="10" cr="0,0,0,0">85</C>
			<C cn="10" cr="0,0,0,0">77</C>
			<C cn="10" cr="0,0,0,0">66</C>
			<C cn="10" cr="0,0,0,0">69</C>
			<C cn="10" cr="0,0,0,0">82</C>
			<C cn="10" cr="0,0,0,0">58</C>
			<C cn="10" cr="0,0,0,0">32</C>
			<C cn="10" cr="0,0,0,0">52</C>
			<C cn="10" cr="0,0,0,0">54</C>
			<C cn="10" cr="0,0,0,0">48</C>
			<C cn="10" cr="0,0,0,0">48</C>
			<C cn="10" cr="0,0,0,0">48</C>
			<C cn="10" cr="0,0,0,0">49</C>
			<C cn="10" cr="0,0,0,0">50</C>
			<C cn="10" cr="0,0,0,0">48</C>
			<C cn="10" cr="0,0,0,0">51</C>
			<C cn="10" cr="0,0,0,0">54</C>
			<C cn="10" cr="0,0,0,0">10</C>
			<C cn="10" cr="0,0,0,0">76</C>
			<C cn="10" cr="0,0,0,0">73</C>
			<C cn="10" cr="0,0,0,0">78</C>
			<C cn="10" cr="0,0,0,0">69</C>
			<C cn="10" cr="0,0,0,0">32</C>
			<C cn="10" cr="0,0,0,0">73</C>
			<C cn="10" cr="0,0,0,0">84</C>
			<C cn="10" cr="0,0,0,0">69</C>
			<C cn="10" cr="0,0,0,0">77</C>
			<C cn="10" cr="0,0,0,0">32</C>
			<C cn="10" cr="0,0,0,0">49</C>
			<C cn="10" cr="0,0,0,0">48</C>
			<C cn="10" cr="0,0,0,0">58</C>
			<C cn="10" cr="0,0,0,0">32</C>
			<C cn="10" cr="0,0,0,0">73</C>
			<C cn="10" cr="0,0,0,0">66</C>
			<C cn="10" cr="0,0,0,0">77</C>
			<C cn="10" cr="0,0,0,0">58</C>
			<C cn="10" cr="0,0,0,0">81</C>
			<C cn="10" cr="0,0,0,0">45</C>
			<C cn="10" cr="0,0,0,0">48</C>
			<C cn="10" cr="0,0,0,0">48</C>
			<C cn="10" cr="0,0,0,0">51</C>
			<C cn="10" cr="0,0,0,0">53</C>
			<C cn="10" cr="0,0,0,0">53</C>
			<C cn="10" cr="0,0,0,0">54</C>
			<C cn="10" cr="0,0,0,0">52</C>
			<C cn="10" cr="0,0,0,0">56</C>
			<C cn="10" cr="0,0,0,0">10</C>
			<C cn="10" cr="0,0,0,0">73</C>
			<C cn="10" cr="0,0,0,0">66</C>
			<C cn="10" cr="0,0,0,0">77</C>
			<C cn="10" cr="0,0,0,0">32</C>
			<C cn="10" cr="0,0,0,0">73</C>
			<C cn="10" cr="0,0,0,0">78</C>
			<C cn="10" cr="0,0,0,0">84</C>
			<C cn="10" cr="0,0,0,0">69</C>
			<C cn="10" cr="0,0,0,0">82</C>
			<C cn="10" cr="0,0,0,0">78</C>
			<C cn="10" cr="0,0,0,0">65</C>
			<C cn="10" cr="0,0,0,0">76</C>
			<C cn="10" cr="0,0,0,0">32</C>
			<C cn="10" cr="0,0,0,0">82</C>
			<C cn="10" cr="0,0,0,0">69</C>
			<C cn="10" cr="0,0,0,0">70</C>
			<C cn="10" cr="0,0,0,0">58</C>
			<C cn="10" cr="0,0,0,0">32</C>
			<C cn="10" cr="0,0,0,0">77</C>
			<C cn="10" cr="0,0,0,0">77</C>
			<C cn="10" cr="0,0,0,0">44</C>
			<C cn="10" cr="0,0,0,0">32</C>
			<C cn="10" cr="0,0,0,0">71</C>
			<C cn="10" cr="0,0,0,0">84</C>
			<C cn="10" cr="0,0,0,0">83</C>
			<C cn="10" cr="0,0,0,0">71</C>
			<C cn="10" cr="0,0,0,0">66</C>
			<C cn="10" cr="0,0,0,0">50</C>
			<C cn="10" cr="0,0,0,0">52</C>
			<C cn="10" cr="0,0,0,0">48</C>
			<C cn="10" cr="0,0,0,0">52</C>
			<C cn="10" cr="0,0,0,0">48</C>
			<C cn="10" cr="0,0,0,0">50</C>
			<C cn="10" cr="0,0,0,0">49</C>
			<C cn="10" cr="0,0,0,0">51</C>
			<C cn="10" cr="0,0,0,0">50</C>
			<C cn="10" cr="0,0,0,0">57</C>
			<C cn="10" cr="0,0,0,0">50</C>
			<C cn="10" cr="0,0,0,0">50</C>
			<C cn="10" cr="0,0,0,0">56</C>
			<C cn="10" cr="0,0,0,0">55</C>
			<C cn="10" cr="0,0,0,0">45</C>
			<C cn="10" cr="0,0,0,0">49</C>
			<C cn="10" cr="0,0,0,0">10</C>
			<C cn="10" cr="0,0,0,0">80</C>
			<C cn="10" cr="0,0,0,0">117</C>
			<C cn="10" cr="0,0,0,0">114</C>
			<C cn="10" cr="0,0,0,0">99</C>
			<C cn="10" cr="0,0,0,0">104</C>
			<C cn="10" cr="0,0,0,0">97</C>
			<C cn="10" cr="0,0,0,0">115</C>
			<C cn="10" cr="0,0,0,0">101</C>
			<C cn="10" cr="0,0,0,0">32</C>
			<C cn="10" cr="0,0,0,0">79</C>
			<C cn="10" cr="0,0,0,0">114</C>
			<C cn="10" cr="0,0,0,0">100</C>
			<C cn="10" cr="0,0,0,0">101</C>
			<C cn="10" cr="0,0,0,0">114</C>
			<C cn="10" cr="0,0,0,0">32</C>
			<C cn="10" cr="0,0,0,0">78</C>
			<C cn="10" cr="0,0,0,0">117</C>
			<C cn="10" cr="0,0,0,0">109</C>
			<C cn="10" cr="0,0,0,0">98</C>
			<C cn="10" cr="0,0,0,0">101</C>
			<C cn="10" cr="0,0,0,0">114</C>
			<C cn="10" cr="0,0,0,0">58</C>
			<C cn="10" cr="0,0,0,0">32</C>
			<C cn="10" cr="0,0,0,0">52</C>
			<C cn="10" cr="0,0,0,0">54</C>
			<C cn="10" cr="0,0,0,0">48</C>
			<C cn="10" cr="0,0,0,0">48</C>
			<C cn="10" cr="0,0,0,0">48</C>
			<C cn="10" cr="0,0,0,0">49</C>
			<C cn="10" cr="0,0,0,0">50</C>
			<C cn="10" cr="0,0,0,0">48</C>
			<C cn="10" cr="0,0,0,0">51</C>
			<C cn="10" cr="0,0,0,0">54</C>
		</F>
		<F id="Date from / to">
			<V n="Position">2883,4116,3604,4166</V>
			<V n="STATUS">0</V>
			<C cn="10" cr="0,0,0,0">48</C>
			<C cn="10" cr="0,0,0,0">49</C>
			<C cn="10" cr="0,0,0,0">47</C>
			<C cn="10" cr="0,0,0,0">48</C>
			<C cn="10" cr="0,0,0,0">52</C>
			<C cn="10" cr="0,0,0,0">47</C>
			<C cn="10" cr="0,0,0,0">50</C>
			<C cn="10" cr="0,0,0,0">48</C>
			<C cn="10" cr="0,0,0,0">50</C>
			<C cn="10" cr="0,0,0,0">52</C>
			<C cn="10" cr="0,0,0,0">32</C>
			<C cn="10" cr="0,0,0,0">45</C>
			<C cn="10" cr="0,0,0,0">32</C>
			<C cn="10" cr="0,0,0,0">51</C>
			<C cn="10" cr="0,0,0,0">48</C>
			<C cn="10" cr="0,0,0,0">47</C>
			<C cn="10" cr="0,0,0,0">48</C>
			<C cn="10" cr="0,0,0,0">54</C>
			<C cn="10" cr="0,0,0,0">47</C>
			<C cn="10" cr="0,0,0,0">50</C>
			<C cn="10" cr="0,0,0,0">48</C>
			<C cn="10" cr="0,0,0,0">50</C>
			<C cn="10" cr="0,0,0,0">52</C>
		</F>
		<F id="VAT %">
			<V n="Position">4003,4117,4165,4166</V>
			<V n="STATUS">0</V>
			<C cn="10" cr="0,0,0,0">50</C>
			<C cn="10" cr="0,0,0,0">48</C>
			<C cn="10" cr="0,0,0,0">46</C>
			<C cn="10" cr="0,0,0,0">48</C>
			<C cn="10" cr="0,0,0,0">48</C>
		</F>
		<F id="Net Amount">
			<V n="Position">4449,4117,4778,4174</V>
			<V n="STATUS">0</V>
			<C cn="10" cr="0,0,0,0">50</C>
			<C cn="10" cr="0,0,0,0">56</C>
			<C cn="10" cr="0,0,0,0">56</C>
			<C cn="10" cr="0,0,0,0">44</C>
			<C cn="10" cr="0,0,0,0">54</C>
			<C cn="10" cr="0,0,0,0">50</C>
			<C cn="10" cr="0,0,0,0">57</C>
			<C cn="10" cr="0,0,0,0">46</C>
			<C cn="10" cr="0,0,0,0">48</C>
			<C cn="10" cr="0,0,0,0">53</C>
		</F>
	</F>
</F>
</P>
