{
  "Invoice Number": "6900026063",
  "Bill To Name": "FUJITSU SERVICES LTD",
  "Bill To Address": "LOVELACE ROAD\nRG12 8SN BRACKNELL\nUnited Kingdom",
  "Invoice Date": "02/04/2024",
  "Ship To Name And Address": "FUJITSU SERVICES LTD\nTRAFALGAR HOUSE, TEMPLE COURT\nDATA AVENUE\nWA3 6GD RISLEY WARRINGTON\nUnited Kingdom",
  "Sub total": "288,629.05",
  "Tax": "57,725.81",
  "Total": "346,354.86",
  "Line Items": [
    {
      "Description": "IBM Maintenance",
      "Date from / to": "",
      "VAT %": "",
      "Net Amount": ""
    },
    {
      "Description": "Customer reference: INVOICE FOR CONTRACT ID-00233273\nAS PER SIGNED IBM Technology Lifecycle Services (TLS)\nSchedule, SIGNED FOR BY Clive Rees ON 07/07/2023\nPURCHASE ORDER NUMBER: 4600012036\nLINE ITEM 10: IBM:Q-00355648\nIBM INTERNAL REF: MM, GTSGB24040213292287-1\nPurchase Order Number: 4600012036",
      "Date from / to": "01/04/2024 - 30/06/2024",
      "VAT %": "20.00",
      "Net Amount": "288,629.05"
    }
  ]
}