<?xml-stylesheet type="text/xsl" href="..\..\dco.xsl"?>
<P id="TM000003">
<F id="BOLDate">
	<V n="TYPE">BOLDate</V>
	<V n="Position">153,66,299,85</V>
	<V n="STATUS">0</V>
	<C cn="10" cr="0,0,0,0">74</C>
	<C cn="10" cr="0,0,0,0">97</C>
	<C cn="10" cr="0,0,0,0">110</C>
	<C cn="10" cr="0,0,0,0">117</C>
	<C cn="10" cr="0,0,0,0">97</C>
	<C cn="10" cr="0,0,0,0">114</C>
	<C cn="10" cr="0,0,0,0">121</C>
	<C cn="10" cr="0,0,0,0">32</C>
	<C cn="10" cr="0,0,0,0">49</C>
	<C cn="10" cr="0,0,0,0">54</C>
	<C cn="10" cr="0,0,0,0">44</C>
	<C cn="10" cr="0,0,0,0">32</C>
	<C cn="10" cr="0,0,0,0">50</C>
	<C cn="10" cr="0,0,0,0">48</C>
	<C cn="10" cr="0,0,0,0">50</C>
	<C cn="10" cr="0,0,0,0">48</C>
</F>
<F id="BOLNumber">
	<V n="TYPE">BOLNumber</V>
	<V n="Position">0,0,0,0</V>
	<V n="STATUS">0</V>
	<C cn="10" cr="0,0,0,0">73</C>
	<C cn="10" cr="0,0,0,0">73</C>
	<C cn="10" cr="0,0,0,0">73</C>
	<C cn="10" cr="0,0,0,0">57</C>
	<C cn="10" cr="0,0,0,0">57</C>
	<C cn="10" cr="0,0,0,0">51</C>
	<C cn="10" cr="0,0,0,0">57</C>
	<C cn="10" cr="0,0,0,0">51</C>
	<C cn="10" cr="0,0,0,0">55</C>
	<C cn="10" cr="0,0,0,0">48</C>
	<C cn="10" cr="0,0,0,0">54</C>
	<C cn="10" cr="0,0,0,0">48</C>
	<C cn="10" cr="0,0,0,0">55</C>
</F>
<F id="BOLShipper">
	<V n="TYPE">BOLShipper</V>
	<V n="Position">0,0,0,0</V>
	<V n="STATUS">0</V>
	<C cn="10" cr="0,0,0,0">86</C>
	<C cn="10" cr="0,0,0,0">105</C>
	<C cn="10" cr="0,0,0,0">98</C>
	<C cn="10" cr="0,0,0,0">114</C>
	<C cn="10" cr="0,0,0,0">97</C>
	<C cn="10" cr="0,0,0,0">110</C>
	<C cn="10" cr="0,0,0,0">116</C>
	<C cn="10" cr="0,0,0,0">115</C>
	<C cn="10" cr="0,0,0,0">104</C>
	<C cn="10" cr="0,0,0,0">111</C>
	<C cn="10" cr="0,0,0,0">112</C>
	<C cn="10" cr="0,0,0,0">115</C>
	<C cn="10" cr="0,0,0,0">44</C>
	<C cn="10" cr="0,0,0,0">32</C>
	<C cn="10" cr="0,0,0,0">50</C>
	<C cn="10" cr="0,0,0,0">52</C>
	<C cn="10" cr="0,0,0,0">53</C>
	<C cn="10" cr="0,0,0,0">49</C>
	<C cn="10" cr="0,0,0,0">32</C>
	<C cn="10" cr="0,0,0,0">66</C>
	<C cn="10" cr="0,0,0,0">101</C>
	<C cn="10" cr="0,0,0,0">110</C>
	<C cn="10" cr="0,0,0,0">115</C>
	<C cn="10" cr="0,0,0,0">111</C>
	<C cn="10" cr="0,0,0,0">110</C>
	<C cn="10" cr="0,0,0,0">32</C>
	<C cn="10" cr="0,0,0,0">83</C>
	<C cn="10" cr="0,0,0,0">116</C>
	<C cn="10" cr="0,0,0,0">114</C>
	<C cn="10" cr="0,0,0,0">101</C>
	<C cn="10" cr="0,0,0,0">101</C>
	<C cn="10" cr="0,0,0,0">116</C>
	<C cn="10" cr="0,0,0,0">44</C>
	<C cn="10" cr="0,0,0,0">32</C>
	<C cn="10" cr="0,0,0,0">65</C>
	<C cn="10" cr="0,0,0,0">112</C>
	<C cn="10" cr="0,0,0,0">112</C>
	<C cn="10" cr="0,0,0,0">108</C>
	<C cn="10" cr="0,0,0,0">101</C>
	<C cn="10" cr="0,0,0,0">116</C>
	<C cn="10" cr="0,0,0,0">111</C>
	<C cn="10" cr="0,0,0,0">110</C>
	<C cn="10" cr="0,0,0,0">44</C>
	<C cn="10" cr="0,0,0,0">32</C>
	<C cn="10" cr="0,0,0,0">87</C>
	<C cn="10" cr="0,0,0,0">105</C>
	<C cn="10" cr="0,0,0,0">115</C>
	<C cn="10" cr="0,0,0,0">99</C>
	<C cn="10" cr="0,0,0,0">111</C>
	<C cn="10" cr="0,0,0,0">110</C>
	<C cn="10" cr="0,0,0,0">115</C>
	<C cn="10" cr="0,0,0,0">105</C>
	<C cn="10" cr="0,0,0,0">110</C>
	<C cn="10" cr="0,0,0,0">32</C>
	<C cn="10" cr="0,0,0,0">53</C>
	<C cn="10" cr="0,0,0,0">52</C>
	<C cn="10" cr="0,0,0,0">57</C>
	<C cn="10" cr="0,0,0,0">49</C>
	<C cn="10" cr="0,0,0,0">49</C>
	<C cn="10" cr="0,0,0,0">44</C>
	<C cn="10" cr="0,0,0,0">32</C>
	<C cn="10" cr="0,0,0,0">83</C>
	<C cn="10" cr="0,0,0,0">73</C>
	<C cn="10" cr="0,0,0,0">68</C>
	<C cn="10" cr="0,0,0,0">32</C>
	<C cn="10" cr="0,0,0,0">78</C>
	<C cn="10" cr="0,0,0,0">111</C>
	<C cn="10" cr="0,0,0,0">58</C>
	<C cn="10" cr="0,0,0,0">32</C>
	<C cn="10" cr="0,0,0,0">51</C>
	<C cn="10" cr="0,0,0,0">48</C>
	<C cn="10" cr="0,0,0,0">54</C>
	<C cn="10" cr="0,0,0,0">50</C>
	<C cn="10" cr="0,0,0,0">52</C>
	<C cn="10" cr="0,0,0,0">52</C>
	<C cn="10" cr="0,0,0,0">53</C>
	<C cn="10" cr="0,0,0,0">54</C>
</F>
<F id="BOLCustomer">
	<V n="TYPE">BOLCustomer</V>
	<V n="Position">0,0,0,0</V>
	<V n="STATUS">0</V>
	<C cn="10" cr="0,0,0,0">80</C>
	<C cn="10" cr="0,0,0,0">114</C>
	<C cn="10" cr="0,0,0,0">111</C>
	<C cn="10" cr="0,0,0,0">100</C>
	<C cn="10" cr="0,0,0,0">105</C>
	<C cn="10" cr="0,0,0,0">110</C>
	<C cn="10" cr="0,0,0,0">116</C>
	<C cn="10" cr="0,0,0,0">101</C>
	<C cn="10" cr="0,0,0,0">108</C>
	<C cn="10" cr="0,0,0,0">108</C>
	<C cn="10" cr="0,0,0,0">105</C>
	<C cn="10" cr="0,0,0,0">103</C>
	<C cn="10" cr="0,0,0,0">101</C>
	<C cn="10" cr="0,0,0,0">110</C>
	<C cn="10" cr="0,0,0,0">99</C>
	<C cn="10" cr="0,0,0,0">101</C>
	<C cn="10" cr="0,0,0,0">44</C>
	<C cn="10" cr="0,0,0,0">32</C>
	<C cn="10" cr="0,0,0,0">50</C>
	<C cn="10" cr="0,0,0,0">52</C>
	<C cn="10" cr="0,0,0,0">51</C>
	<C cn="10" cr="0,0,0,0">52</C>
	<C cn="10" cr="0,0,0,0">32</C>
	<C cn="10" cr="0,0,0,0">86</C>
	<C cn="10" cr="0,0,0,0">105</C>
	<C cn="10" cr="0,0,0,0">99</C>
	<C cn="10" cr="0,0,0,0">116</C>
	<C cn="10" cr="0,0,0,0">111</C>
	<C cn="10" cr="0,0,0,0">114</C>
	<C cn="10" cr="0,0,0,0">105</C>
	<C cn="10" cr="0,0,0,0">97</C>
	<C cn="10" cr="0,0,0,0">32</C>
	<C cn="10" cr="0,0,0,0">80</C>
	<C cn="10" cr="0,0,0,0">97</C>
	<C cn="10" cr="0,0,0,0">114</C>
	<C cn="10" cr="0,0,0,0">107</C>
	<C cn="10" cr="0,0,0,0">32</C>
	<C cn="10" cr="0,0,0,0">65</C>
	<C cn="10" cr="0,0,0,0">118</C>
	<C cn="10" cr="0,0,0,0">101</C>
	<C cn="10" cr="0,0,0,0">44</C>
	<C cn="10" cr="0,0,0,0">32</C>
	<C cn="10" cr="0,0,0,0">84</C>
	<C cn="10" cr="0,0,0,0">111</C>
	<C cn="10" cr="0,0,0,0">114</C>
	<C cn="10" cr="0,0,0,0">111</C>
	<C cn="10" cr="0,0,0,0">110</C>
	<C cn="10" cr="0,0,0,0">116</C>
	<C cn="10" cr="0,0,0,0">111</C>
	<C cn="10" cr="0,0,0,0">44</C>
	<C cn="10" cr="0,0,0,0">32</C>
	<C cn="10" cr="0,0,0,0">79</C>
	<C cn="10" cr="0,0,0,0">110</C>
	<C cn="10" cr="0,0,0,0">116</C>
	<C cn="10" cr="0,0,0,0">97</C>
	<C cn="10" cr="0,0,0,0">114</C>
	<C cn="10" cr="0,0,0,0">105</C>
	<C cn="10" cr="0,0,0,0">111</C>
	<C cn="10" cr="0,0,0,0">32</C>
	<C cn="10" cr="0,0,0,0">77</C>
	<C cn="10" cr="0,0,0,0">50</C>
	<C cn="10" cr="0,0,0,0">74</C>
	<C cn="10" cr="0,0,0,0">32</C>
	<C cn="10" cr="0,0,0,0">51</C>
	<C cn="10" cr="0,0,0,0">84</C>
	<C cn="10" cr="0,0,0,0">55</C>
	<C cn="10" cr="0,0,0,0">44</C>
	<C cn="10" cr="0,0,0,0">32</C>
	<C cn="10" cr="0,0,0,0">67</C>
	<C cn="10" cr="0,0,0,0">73</C>
	<C cn="10" cr="0,0,0,0">68</C>
	<C cn="10" cr="0,0,0,0">32</C>
	<C cn="10" cr="0,0,0,0">78</C>
	<C cn="10" cr="0,0,0,0">111</C>
	<C cn="10" cr="0,0,0,0">58</C>
	<C cn="10" cr="0,0,0,0">32</C>
	<C cn="10" cr="0,0,0,0">51</C>
	<C cn="10" cr="0,0,0,0">55</C>
	<C cn="10" cr="0,0,0,0">57</C>
	<C cn="10" cr="0,0,0,0">49</C>
	<C cn="10" cr="0,0,0,0">52</C>
	<C cn="10" cr="0,0,0,0">56</C>
	<C cn="10" cr="0,0,0,0">55</C>
	<C cn="10" cr="0,0,0,0">51</C>
</F>
</P>
