<?xml-stylesheet type="text/xsl" href="..\..\dco.xsl"?>
<P id="TM000002">
<F id="InvoiceNum">
	<V n="TYPE">InvoiceNum</V>
	<V n="Position">1964,700,2103,726</V>
	<V n="STATUS">0</V>
	<C cn="10" cr="0,0,0,0">50</C>
	<C cn="10" cr="0,0,0,0">48</C>
	<C cn="10" cr="0,0,0,0">52</C>
	<C cn="10" cr="0,0,0,0">49</C>
	<C cn="10" cr="0,0,0,0">57</C>
	<C cn="10" cr="0,0,0,0">53</C>
	<C cn="10" cr="0,0,0,0">53</C>
</F>
<F id="BillToName">
	<V n="TYPE">BillToName</V>
	<V n="Position">219,904,408,930</V>
	<V n="STATUS">0</V>
	<C cn="10" cr="0,0,0,0">83</C>
	<C cn="10" cr="0,0,0,0">116</C>
	<C cn="10" cr="0,0,0,0">101</C>
	<C cn="10" cr="0,0,0,0">118</C>
	<C cn="10" cr="0,0,0,0">101</C>
	<C cn="10" cr="0,0,0,0">32</C>
	<C cn="10" cr="0,0,0,0">74</C>
	<C cn="10" cr="0,0,0,0">111</C>
	<C cn="10" cr="0,0,0,0">110</C>
	<C cn="10" cr="0,0,0,0">101</C>
	<C cn="10" cr="0,0,0,0">115</C>
</F>
<F id="BillToAddress">
	<V n="TYPE">BillToAddress</V>
	<V n="Position">0,0,0,0</V>
	<V n="STATUS">0</V>
	<C cn="10" cr="0,0,0,0">52</C>
	<C cn="10" cr="0,0,0,0">53</C>
	<C cn="10" cr="0,0,0,0">54</C>
	<C cn="10" cr="0,0,0,0">55</C>
	<C cn="10" cr="0,0,0,0">32</C>
	<C cn="10" cr="0,0,0,0">66</C>
	<C cn="10" cr="0,0,0,0">117</C>
	<C cn="10" cr="0,0,0,0">115</C>
	<C cn="10" cr="0,0,0,0">121</C>
	<C cn="10" cr="0,0,0,0">32</C>
	<C cn="10" cr="0,0,0,0">83</C>
	<C cn="10" cr="0,0,0,0">116</C>
	<C cn="10" cr="0,0,0,0">114</C>
	<C cn="10" cr="0,0,0,0">101</C>
	<C cn="10" cr="0,0,0,0">101</C>
	<C cn="10" cr="0,0,0,0">116</C>
	<C cn="10" cr="0,0,0,0">13</C>
	<C cn="10" cr="0,0,0,0">10</C>
	<C cn="10" cr="0,0,0,0">65</C>
	<C cn="10" cr="0,0,0,0">117</C>
	<C cn="10" cr="0,0,0,0">115</C>
	<C cn="10" cr="0,0,0,0">116</C>
	<C cn="10" cr="0,0,0,0">105</C>
	<C cn="10" cr="0,0,0,0">110</C>
	<C cn="10" cr="0,0,0,0">44</C>
	<C cn="10" cr="0,0,0,0">32</C>
	<C cn="10" cr="0,0,0,0">84</C>
	<C cn="10" cr="0,0,0,0">88</C>
	<C cn="10" cr="0,0,0,0">32</C>
	<C cn="10" cr="0,0,0,0">55</C>
	<C cn="10" cr="0,0,0,0">51</C>
	<C cn="10" cr="0,0,0,0">52</C>
	<C cn="10" cr="0,0,0,0">52</C>
	<C cn="10" cr="0,0,0,0">51</C>
</F>
<F id="Date">
	<V n="TYPE">Date</V>
	<V n="Position">1964,748,2134,783</V>
	<V n="STATUS">0</V>
	<C cn="10" cr="0,0,0,0">56</C>
	<C cn="10" cr="0,0,0,0">47</C>
	<C cn="10" cr="0,0,0,0">49</C>
	<C cn="10" cr="0,0,0,0">55</C>
	<C cn="10" cr="0,0,0,0">47</C>
	<C cn="10" cr="0,0,0,0">50</C>
	<C cn="10" cr="0,0,0,0">48</C>
	<C cn="10" cr="0,0,0,0">49</C>
	<C cn="10" cr="0,0,0,0">49</C>
</F>
<F id="ShipTo">
	<V n="TYPE">ShipTo</V>
	<V n="Position">0,0,0,0</V>
	<V n="STATUS">0</V>
	<C cn="10" cr="0,0,0,0">83</C>
	<C cn="10" cr="0,0,0,0">116</C>
	<C cn="10" cr="0,0,0,0">101</C>
	<C cn="10" cr="0,0,0,0">118</C>
	<C cn="10" cr="0,0,0,0">101</C>
	<C cn="10" cr="0,0,0,0">32</C>
	<C cn="10" cr="0,0,0,0">74</C>
	<C cn="10" cr="0,0,0,0">111</C>
	<C cn="10" cr="0,0,0,0">110</C>
	<C cn="10" cr="0,0,0,0">101</C>
	<C cn="10" cr="0,0,0,0">115</C>
	<C cn="10" cr="0,0,0,0">13</C>
	<C cn="10" cr="0,0,0,0">10</C>
	<C cn="10" cr="0,0,0,0">52</C>
	<C cn="10" cr="0,0,0,0">53</C>
	<C cn="10" cr="0,0,0,0">54</C>
	<C cn="10" cr="0,0,0,0">55</C>
	<C cn="10" cr="0,0,0,0">32</C>
	<C cn="10" cr="0,0,0,0">66</C>
	<C cn="10" cr="0,0,0,0">117</C>
	<C cn="10" cr="0,0,0,0">115</C>
	<C cn="10" cr="0,0,0,0">121</C>
	<C cn="10" cr="0,0,0,0">32</C>
	<C cn="10" cr="0,0,0,0">83</C>
	<C cn="10" cr="0,0,0,0">116</C>
	<C cn="10" cr="0,0,0,0">114</C>
	<C cn="10" cr="0,0,0,0">101</C>
	<C cn="10" cr="0,0,0,0">101</C>
	<C cn="10" cr="0,0,0,0">116</C>
	<C cn="10" cr="0,0,0,0">13</C>
	<C cn="10" cr="0,0,0,0">10</C>
	<C cn="10" cr="0,0,0,0">65</C>
	<C cn="10" cr="0,0,0,0">117</C>
	<C cn="10" cr="0,0,0,0">115</C>
	<C cn="10" cr="0,0,0,0">116</C>
	<C cn="10" cr="0,0,0,0">105</C>
	<C cn="10" cr="0,0,0,0">110</C>
	<C cn="10" cr="0,0,0,0">44</C>
	<C cn="10" cr="0,0,0,0">32</C>
	<C cn="10" cr="0,0,0,0">84</C>
	<C cn="10" cr="0,0,0,0">88</C>
	<C cn="10" cr="0,0,0,0">32</C>
	<C cn="10" cr="0,0,0,0">55</C>
	<C cn="10" cr="0,0,0,0">51</C>
	<C cn="10" cr="0,0,0,0">52</C>
	<C cn="10" cr="0,0,0,0">52</C>
	<C cn="10" cr="0,0,0,0">51</C>
</F>
<F id="SubTotal">
	<V n="TYPE">SubTotal</V>
	<V n="Position">0,0,0,0</V>
	<V n="STATUS">0</V>
	<C cn="10" cr="0,0,0,0">49</C>
	<C cn="10" cr="0,0,0,0">50</C>
	<C cn="10" cr="0,0,0,0">52</C>
	<C cn="10" cr="0,0,0,0">53</C>
	<C cn="10" cr="0,0,0,0">46</C>
	<C cn="10" cr="0,0,0,0">53</C>
	<C cn="10" cr="0,0,0,0">56</C>
</F>
<F id="Tax">
	<V n="TYPE">Tax</V>
	<V n="Position">0,0,0,0</V>
	<V n="STATUS">0</V>
</F>
<F id="Total">
	<V n="TYPE">Total</V>
	<V n="Position">0,0,0,0</V>
	<V n="STATUS">0</V>
</F>
<F id="MyLineItem">
	<V n="TYPE">MyLineItem</V>
	<V n="Position">322,1006,2194,2266</V>
	<V n="STATUS">0</V>
	<F id="MyLineItem1">
		<V n="Position">347,1275,2193,1306</V>
		<V n="STATUS">0</V>
		<F id="Quantity">
			<V n="Position">347,1277,366,1306</V>
			<V n="STATUS">0</V>
			<C cn="10" cr="0,0,0,0">51</C>
		</F>
		<F id="Description">
			<V n="Position">515,1275,861,1306</V>
			<V n="STATUS">0</V>
			<C cn="10" cr="0,0,0,0">68</C>
			<C cn="10" cr="0,0,0,0">101</C>
			<C cn="10" cr="0,0,0,0">108</C>
			<C cn="10" cr="0,0,0,0">117</C>
			<C cn="10" cr="0,0,0,0">120</C>
			<C cn="10" cr="0,0,0,0">101</C>
			<C cn="10" cr="0,0,0,0">32</C>
			<C cn="10" cr="0,0,0,0">70</C>
			<C cn="10" cr="0,0,0,0">105</C>
			<C cn="10" cr="0,0,0,0">114</C>
			<C cn="10" cr="0,0,0,0">115</C>
			<C cn="10" cr="0,0,0,0">116</C>
			<C cn="10" cr="0,0,0,0">32</C>
			<C cn="10" cr="0,0,0,0">65</C>
			<C cn="10" cr="0,0,0,0">105</C>
			<C cn="10" cr="0,0,0,0">100</C>
			<C cn="10" cr="0,0,0,0">32</C>
			<C cn="10" cr="0,0,0,0">75</C>
			<C cn="10" cr="0,0,0,0">105</C>
			<C cn="10" cr="0,0,0,0">116</C>
		</F>
		<F id="Item Number">
			<V n="Position">1460,1277,1618,1306</V>
			<V n="STATUS">0</V>
			<C cn="10" cr="0,0,0,0">51</C>
			<C cn="10" cr="0,0,0,0">51</C>
			<C cn="10" cr="0,0,0,0">51</C>
			<C cn="10" cr="0,0,0,0">50</C>
			<C cn="10" cr="0,0,0,0">50</C>
			<C cn="10" cr="0,0,0,0">50</C>
			<C cn="10" cr="0,0,0,0">51</C>
		</F>
		<F id="Price">
			<V n="Position">1823,1277,1945,1306</V>
			<V n="STATUS">0</V>
			<C cn="10" cr="0,0,0,0">49</C>
			<C cn="10" cr="0,0,0,0">50</C>
			<C cn="10" cr="0,0,0,0">57</C>
			<C cn="10" cr="0,0,0,0">46</C>
			<C cn="10" cr="0,0,0,0">56</C>
			<C cn="10" cr="0,0,0,0">57</C>
		</F>
		<F id="Extended">
			<V n="Position">2069,1277,2193,1306</V>
			<V n="STATUS">0</V>
			<C cn="10" cr="0,0,0,0">51</C>
			<C cn="10" cr="0,0,0,0">56</C>
			<C cn="10" cr="0,0,0,0">57</C>
			<C cn="10" cr="0,0,0,0">46</C>
			<C cn="10" cr="0,0,0,0">54</C>
			<C cn="10" cr="0,0,0,0">55</C>
		</F>
	</F>
	<F id="MyLineItem2">
		<V n="Position">322,1333,2193,1370</V>
		<V n="STATUS">0</V>
		<F id="Quantity">
			<V n="Position">322,1333,365,1362</V>
			<V n="STATUS">0</V>
			<C cn="10" cr="0,0,0,0">52</C>
			<C cn="10" cr="0,0,0,0">53</C>
		</F>
		<F id="Description">
			<V n="Position">515,1333,992,1370</V>
			<V n="STATUS">0</V>
			<C cn="10" cr="0,0,0,0">49</C>
			<C cn="10" cr="0,0,0,0">48</C>
			<C cn="10" cr="0,0,0,0">48</C>
			<C cn="10" cr="0,0,0,0">32</C>
			<C cn="10" cr="0,0,0,0">112</C>
			<C cn="10" cr="0,0,0,0">97</C>
			<C cn="10" cr="0,0,0,0">99</C>
			<C cn="10" cr="0,0,0,0">107</C>
			<C cn="10" cr="0,0,0,0">32</C>
			<C cn="10" cr="0,0,0,0">112</C>
			<C cn="10" cr="0,0,0,0">97</C>
			<C cn="10" cr="0,0,0,0">112</C>
			<C cn="10" cr="0,0,0,0">101</C>
			<C cn="10" cr="0,0,0,0">114</C>
			<C cn="10" cr="0,0,0,0">32</C>
			<C cn="10" cr="0,0,0,0">99</C>
			<C cn="10" cr="0,0,0,0">117</C>
			<C cn="10" cr="0,0,0,0">112</C>
			<C cn="10" cr="0,0,0,0">115</C>
			<C cn="10" cr="0,0,0,0">32</C>
			<C cn="10" cr="0,0,0,0">45</C>
			<C cn="10" cr="0,0,0,0">32</C>
			<C cn="10" cr="0,0,0,0">52</C>
			<C cn="10" cr="0,0,0,0">111</C>
			<C cn="10" cr="0,0,0,0">122</C>
		</F>
		<F id="Item Number">
			<V n="Position">1460,1333,1619,1362</V>
			<V n="STATUS">0</V>
			<C cn="10" cr="0,0,0,0">54</C>
			<C cn="10" cr="0,0,0,0">52</C>
			<C cn="10" cr="0,0,0,0">50</C>
			<C cn="10" cr="0,0,0,0">51</C>
			<C cn="10" cr="0,0,0,0">50</C>
			<C cn="10" cr="0,0,0,0">49</C>
			<C cn="10" cr="0,0,0,0">54</C>
		</F>
		<F id="Price">
			<V n="Position">1868,1333,1945,1362</V>
			<V n="STATUS">0</V>
			<C cn="10" cr="0,0,0,0">55</C>
			<C cn="10" cr="0,0,0,0">46</C>
			<C cn="10" cr="0,0,0,0">50</C>
			<C cn="10" cr="0,0,0,0">51</C>
		</F>
		<F id="Extended">
			<V n="Position">2069,1333,2193,1362</V>
			<V n="STATUS">0</V>
			<C cn="10" cr="0,0,0,0">51</C>
			<C cn="10" cr="0,0,0,0">50</C>
			<C cn="10" cr="0,0,0,0">53</C>
			<C cn="10" cr="0,0,0,0">46</C>
			<C cn="10" cr="0,0,0,0">51</C>
			<C cn="10" cr="0,0,0,0">53</C>
		</F>
	</F>
	<F id="MyLineItem3">
		<V n="Position">347,1388,2193,1427</V>
		<V n="STATUS">0</V>
		<F id="Quantity">
			<V n="Position">347,1390,366,1419</V>
			<V n="STATUS">0</V>
			<C cn="10" cr="0,0,0,0">53</C>
		</F>
		<F id="Description">
			<V n="Position">513,1388,1090,1427</V>
			<V n="STATUS">0</V>
			<C cn="10" cr="0,0,0,0">83</C>
			<C cn="10" cr="0,0,0,0">116</C>
			<C cn="10" cr="0,0,0,0">97</C>
			<C cn="10" cr="0,0,0,0">105</C>
			<C cn="10" cr="0,0,0,0">110</C>
			<C cn="10" cr="0,0,0,0">108</C>
			<C cn="10" cr="0,0,0,0">101</C>
			<C cn="10" cr="0,0,0,0">115</C>
			<C cn="10" cr="0,0,0,0">115</C>
			<C cn="10" cr="0,0,0,0">32</C>
			<C cn="10" cr="0,0,0,0">83</C>
			<C cn="10" cr="0,0,0,0">116</C>
			<C cn="10" cr="0,0,0,0">101</C>
			<C cn="10" cr="0,0,0,0">101</C>
			<C cn="10" cr="0,0,0,0">108</C>
			<C cn="10" cr="0,0,0,0">32</C>
			<C cn="10" cr="0,0,0,0">84</C>
			<C cn="10" cr="0,0,0,0">97</C>
			<C cn="10" cr="0,0,0,0">112</C>
			<C cn="10" cr="0,0,0,0">101</C>
			<C cn="10" cr="0,0,0,0">32</C>
			<C cn="10" cr="0,0,0,0">68</C>
			<C cn="10" cr="0,0,0,0">105</C>
			<C cn="10" cr="0,0,0,0">115</C>
			<C cn="10" cr="0,0,0,0">112</C>
			<C cn="10" cr="0,0,0,0">101</C>
			<C cn="10" cr="0,0,0,0">110</C>
			<C cn="10" cr="0,0,0,0">115</C>
			<C cn="10" cr="0,0,0,0">101</C>
			<C cn="10" cr="0,0,0,0">114</C>
			<C cn="10" cr="0,0,0,0">115</C>
		</F>
		<F id="Item Number">
			<V n="Position">1460,1390,1619,1419</V>
			<V n="STATUS">0</V>
			<C cn="10" cr="0,0,0,0">56</C>
			<C cn="10" cr="0,0,0,0">55</C>
			<C cn="10" cr="0,0,0,0">51</C>
			<C cn="10" cr="0,0,0,0">56</C>
			<C cn="10" cr="0,0,0,0">50</C>
			<C cn="10" cr="0,0,0,0">50</C>
			<C cn="10" cr="0,0,0,0">52</C>
		</F>
		<F id="Price">
			<V n="Position">1847,1390,1945,1419</V>
			<V n="STATUS">0</V>
			<C cn="10" cr="0,0,0,0">49</C>
			<C cn="10" cr="0,0,0,0">57</C>
			<C cn="10" cr="0,0,0,0">46</C>
			<C cn="10" cr="0,0,0,0">53</C>
			<C cn="10" cr="0,0,0,0">53</C>
		</F>
		<F id="Extended">
			<V n="Position">2093,1390,2193,1419</V>
			<V n="STATUS">0</V>
			<C cn="10" cr="0,0,0,0">57</C>
			<C cn="10" cr="0,0,0,0">55</C>
			<C cn="10" cr="0,0,0,0">46</C>
			<C cn="10" cr="0,0,0,0">55</C>
			<C cn="10" cr="0,0,0,0">53</C>
		</F>
	</F>
	<F id="MyLineItem4">
		<V n="Position">347,1277,2193,1483</V>
		<V n="STATUS">0</V>
		<F id="Quantity">
			<V n="Position">347,1277,366,1306</V>
			<V n="STATUS">0</V>
			<C cn="10" cr="0,0,0,0">51</C>
		</F>
		<F id="Description">
			<V n="Position">515,1446,1029,1483</V>
			<V n="STATUS">0</V>
			<C cn="10" cr="0,0,0,0">49</C>
			<C cn="10" cr="0,0,0,0">48</C>
			<C cn="10" cr="0,0,0,0">48</C>
			<C cn="10" cr="0,0,0,0">48</C>
			<C cn="10" cr="0,0,0,0">32</C>
			<C cn="10" cr="0,0,0,0">67</C>
			<C cn="10" cr="0,0,0,0">111</C>
			<C cn="10" cr="0,0,0,0">117</C>
			<C cn="10" cr="0,0,0,0">110</C>
			<C cn="10" cr="0,0,0,0">116</C>
			<C cn="10" cr="0,0,0,0">32</C>
			<C cn="10" cr="0,0,0,0">65</C>
			<C cn="10" cr="0,0,0,0">115</C>
			<C cn="10" cr="0,0,0,0">112</C>
			<C cn="10" cr="0,0,0,0">105</C>
			<C cn="10" cr="0,0,0,0">114</C>
			<C cn="10" cr="0,0,0,0">105</C>
			<C cn="10" cr="0,0,0,0">110</C>
			<C cn="10" cr="0,0,0,0">32</C>
			<C cn="10" cr="0,0,0,0">45</C>
			<C cn="10" cr="0,0,0,0">32</C>
			<C cn="10" cr="0,0,0,0">108</C>
			<C cn="10" cr="0,0,0,0">79</C>
			<C cn="10" cr="0,0,0,0">79</C>
			<C cn="10" cr="0,0,0,0">109</C>
			<C cn="10" cr="0,0,0,0">103</C>
		</F>
		<F id="Item Number">
			<V n="Position">1460,1446,1618,1475</V>
			<V n="STATUS">0</V>
			<C cn="10" cr="0,0,0,0">51</C>
			<C cn="10" cr="0,0,0,0">55</C>
			<C cn="10" cr="0,0,0,0">51</C>
			<C cn="10" cr="0,0,0,0">52</C>
			<C cn="10" cr="0,0,0,0">51</C>
			<C cn="10" cr="0,0,0,0">53</C>
			<C cn="10" cr="0,0,0,0">51</C>
		</F>
		<F id="Price">
			<V n="Position">1868,1446,1946,1475</V>
			<V n="STATUS">0</V>
			<C cn="10" cr="0,0,0,0">56</C>
			<C cn="10" cr="0,0,0,0">46</C>
			<C cn="10" cr="0,0,0,0">50</C>
			<C cn="10" cr="0,0,0,0">54</C>
		</F>
		<F id="Extended">
			<V n="Position">2094,1446,2193,1475</V>
			<V n="STATUS">0</V>
			<C cn="10" cr="0,0,0,0">50</C>
			<C cn="10" cr="0,0,0,0">52</C>
			<C cn="10" cr="0,0,0,0">46</C>
			<C cn="10" cr="0,0,0,0">55</C>
			<C cn="10" cr="0,0,0,0">56</C>
		</F>
	</F>
	<F id="MyLineItem5">
		<V n="Position">325,1501,2193,1540</V>
		<V n="STATUS">0</V>
		<F id="Quantity">
			<V n="Position">325,1503,365,1532</V>
			<V n="STATUS">0</V>
			<C cn="10" cr="0,0,0,0">49</C>
			<C cn="10" cr="0,0,0,0">55</C>
		</F>
		<F id="Description">
			<V n="Position">515,1501,1042,1540</V>
			<V n="STATUS">0</V>
			<C cn="10" cr="0,0,0,0">82</C>
			<C cn="10" cr="0,0,0,0">111</C>
			<C cn="10" cr="0,0,0,0">108</C>
			<C cn="10" cr="0,0,0,0">108</C>
			<C cn="10" cr="0,0,0,0">115</C>
			<C cn="10" cr="0,0,0,0">32</C>
			<C cn="10" cr="0,0,0,0">71</C>
			<C cn="10" cr="0,0,0,0">97</C>
			<C cn="10" cr="0,0,0,0">117</C>
			<C cn="10" cr="0,0,0,0">122</C>
			<C cn="10" cr="0,0,0,0">101</C>
			<C cn="10" cr="0,0,0,0">32</C>
			<C cn="10" cr="0,0,0,0">66</C>
			<C cn="10" cr="0,0,0,0">97</C>
			<C cn="10" cr="0,0,0,0">110</C>
			<C cn="10" cr="0,0,0,0">100</C>
			<C cn="10" cr="0,0,0,0">97</C>
			<C cn="10" cr="0,0,0,0">103</C>
			<C cn="10" cr="0,0,0,0">101</C>
			<C cn="10" cr="0,0,0,0">32</C>
			<C cn="10" cr="0,0,0,0">45</C>
			<C cn="10" cr="0,0,0,0">32</C>
			<C cn="10" cr="0,0,0,0">52</C>
			<C cn="10" cr="0,0,0,0">32</C>
			<C cn="10" cr="0,0,0,0">105</C>
			<C cn="10" cr="0,0,0,0">110</C>
			<C cn="10" cr="0,0,0,0">99</C>
			<C cn="10" cr="0,0,0,0">104</C>
		</F>
		<F id="Item Number">
			<V n="Position">1460,1503,1619,1532</V>
			<V n="STATUS">0</V>
			<C cn="10" cr="0,0,0,0">56</C>
			<C cn="10" cr="0,0,0,0">53</C>
			<C cn="10" cr="0,0,0,0">51</C>
			<C cn="10" cr="0,0,0,0">52</C>
			<C cn="10" cr="0,0,0,0">53</C>
			<C cn="10" cr="0,0,0,0">53</C>
			<C cn="10" cr="0,0,0,0">52</C>
		</F>
		<F id="Price">
			<V n="Position">1869,1503,1946,1532</V>
			<V n="STATUS">0</V>
			<C cn="10" cr="0,0,0,0">50</C>
			<C cn="10" cr="0,0,0,0">46</C>
			<C cn="10" cr="0,0,0,0">49</C>
			<C cn="10" cr="0,0,0,0">54</C>
		</F>
		<F id="Extended">
			<V n="Position">2093,1503,2193,1532</V>
			<V n="STATUS">0</V>
			<C cn="10" cr="0,0,0,0">51</C>
			<C cn="10" cr="0,0,0,0">54</C>
			<C cn="10" cr="0,0,0,0">46</C>
			<C cn="10" cr="0,0,0,0">55</C>
			<C cn="10" cr="0,0,0,0">50</C>
		</F>
	</F>
	<F id="MyLineItem6">
		<V n="Position">325,1503,2193,1596</V>
		<V n="STATUS">0</V>
		<F id="Quantity">
			<V n="Position">325,1503,365,1532</V>
			<V n="STATUS">0</V>
			<C cn="10" cr="0,0,0,0">49</C>
			<C cn="10" cr="0,0,0,0">55</C>
		</F>
		<F id="Description">
			<V n="Position">515,1557,1042,1596</V>
			<V n="STATUS">0</V>
			<C cn="10" cr="0,0,0,0">82</C>
			<C cn="10" cr="0,0,0,0">111</C>
			<C cn="10" cr="0,0,0,0">108</C>
			<C cn="10" cr="0,0,0,0">108</C>
			<C cn="10" cr="0,0,0,0">115</C>
			<C cn="10" cr="0,0,0,0">32</C>
			<C cn="10" cr="0,0,0,0">71</C>
			<C cn="10" cr="0,0,0,0">97</C>
			<C cn="10" cr="0,0,0,0">117</C>
			<C cn="10" cr="0,0,0,0">122</C>
			<C cn="10" cr="0,0,0,0">101</C>
			<C cn="10" cr="0,0,0,0">32</C>
			<C cn="10" cr="0,0,0,0">66</C>
			<C cn="10" cr="0,0,0,0">97</C>
			<C cn="10" cr="0,0,0,0">110</C>
			<C cn="10" cr="0,0,0,0">100</C>
			<C cn="10" cr="0,0,0,0">97</C>
			<C cn="10" cr="0,0,0,0">103</C>
			<C cn="10" cr="0,0,0,0">101</C>
			<C cn="10" cr="0,0,0,0">32</C>
			<C cn="10" cr="0,0,0,0">45</C>
			<C cn="10" cr="0,0,0,0">32</C>
			<C cn="10" cr="0,0,0,0">51</C>
			<C cn="10" cr="0,0,0,0">32</C>
			<C cn="10" cr="0,0,0,0">105</C>
			<C cn="10" cr="0,0,0,0">110</C>
			<C cn="10" cr="0,0,0,0">99</C>
			<C cn="10" cr="0,0,0,0">104</C>
		</F>
		<F id="Item Number">
			<V n="Position">1459,1559,1618,1588</V>
			<V n="STATUS">0</V>
			<C cn="10" cr="0,0,0,0">52</C>
			<C cn="10" cr="0,0,0,0">51</C>
			<C cn="10" cr="0,0,0,0">51</C>
			<C cn="10" cr="0,0,0,0">52</C>
			<C cn="10" cr="0,0,0,0">53</C>
			<C cn="10" cr="0,0,0,0">50</C>
			<C cn="10" cr="0,0,0,0">50</C>
		</F>
		<F id="Price">
			<V n="Position">1870,1559,1945,1588</V>
			<V n="STATUS">0</V>
			<C cn="10" cr="0,0,0,0">49</C>
			<C cn="10" cr="0,0,0,0">46</C>
			<C cn="10" cr="0,0,0,0">57</C>
			<C cn="10" cr="0,0,0,0">57</C>
		</F>
		<F id="Extended">
			<V n="Position">2093,1559,2193,1588</V>
			<V n="STATUS">0</V>
			<C cn="10" cr="0,0,0,0">51</C>
			<C cn="10" cr="0,0,0,0">51</C>
			<C cn="10" cr="0,0,0,0">46</C>
			<C cn="10" cr="0,0,0,0">56</C>
			<C cn="10" cr="0,0,0,0">51</C>
		</F>
	</F>
	<F id="MyLineItem7">
		<V n="Position">325,1503,2193,1653</V>
		<V n="STATUS">0</V>
		<F id="Quantity">
			<V n="Position">325,1503,365,1532</V>
			<V n="STATUS">0</V>
			<C cn="10" cr="0,0,0,0">49</C>
			<C cn="10" cr="0,0,0,0">55</C>
		</F>
		<F id="Description">
			<V n="Position">515,1614,1042,1653</V>
			<V n="STATUS">0</V>
			<C cn="10" cr="0,0,0,0">82</C>
			<C cn="10" cr="0,0,0,0">111</C>
			<C cn="10" cr="0,0,0,0">108</C>
			<C cn="10" cr="0,0,0,0">108</C>
			<C cn="10" cr="0,0,0,0">115</C>
			<C cn="10" cr="0,0,0,0">32</C>
			<C cn="10" cr="0,0,0,0">71</C>
			<C cn="10" cr="0,0,0,0">97</C>
			<C cn="10" cr="0,0,0,0">117</C>
			<C cn="10" cr="0,0,0,0">122</C>
			<C cn="10" cr="0,0,0,0">101</C>
			<C cn="10" cr="0,0,0,0">32</C>
			<C cn="10" cr="0,0,0,0">66</C>
			<C cn="10" cr="0,0,0,0">97</C>
			<C cn="10" cr="0,0,0,0">110</C>
			<C cn="10" cr="0,0,0,0">100</C>
			<C cn="10" cr="0,0,0,0">97</C>
			<C cn="10" cr="0,0,0,0">103</C>
			<C cn="10" cr="0,0,0,0">101</C>
			<C cn="10" cr="0,0,0,0">32</C>
			<C cn="10" cr="0,0,0,0">45</C>
			<C cn="10" cr="0,0,0,0">32</C>
			<C cn="10" cr="0,0,0,0">50</C>
			<C cn="10" cr="0,0,0,0">32</C>
			<C cn="10" cr="0,0,0,0">105</C>
			<C cn="10" cr="0,0,0,0">110</C>
			<C cn="10" cr="0,0,0,0">99</C>
			<C cn="10" cr="0,0,0,0">104</C>
		</F>
		<F id="Item Number">
			<V n="Position">1459,1616,1618,1645</V>
			<V n="STATUS">0</V>
			<C cn="10" cr="0,0,0,0">52</C>
			<C cn="10" cr="0,0,0,0">51</C>
			<C cn="10" cr="0,0,0,0">51</C>
			<C cn="10" cr="0,0,0,0">52</C>
			<C cn="10" cr="0,0,0,0">53</C>
			<C cn="10" cr="0,0,0,0">50</C>
			<C cn="10" cr="0,0,0,0">51</C>
		</F>
		<F id="Price">
			<V n="Position">1870,1616,1945,1645</V>
			<V n="STATUS">0</V>
			<C cn="10" cr="0,0,0,0">49</C>
			<C cn="10" cr="0,0,0,0">46</C>
			<C cn="10" cr="0,0,0,0">54</C>
			<C cn="10" cr="0,0,0,0">55</C>
		</F>
		<F id="Extended">
			<V n="Position">2094,1616,2193,1645</V>
			<V n="STATUS">0</V>
			<C cn="10" cr="0,0,0,0">50</C>
			<C cn="10" cr="0,0,0,0">56</C>
			<C cn="10" cr="0,0,0,0">46</C>
			<C cn="10" cr="0,0,0,0">51</C>
			<C cn="10" cr="0,0,0,0">57</C>
		</F>
	</F>
	<F id="MyLineItem8">
		<V n="Position">325,1503,2194,1709</V>
		<V n="STATUS">0</V>
		<F id="Quantity">
			<V n="Position">325,1503,365,1532</V>
			<V n="STATUS">0</V>
			<C cn="10" cr="0,0,0,0">49</C>
			<C cn="10" cr="0,0,0,0">55</C>
		</F>
		<F id="Description">
			<V n="Position">515,1670,1077,1709</V>
			<V n="STATUS">0</V>
			<C cn="10" cr="0,0,0,0">82</C>
			<C cn="10" cr="0,0,0,0">111</C>
			<C cn="10" cr="0,0,0,0">108</C>
			<C cn="10" cr="0,0,0,0">108</C>
			<C cn="10" cr="0,0,0,0">115</C>
			<C cn="10" cr="0,0,0,0">32</C>
			<C cn="10" cr="0,0,0,0">71</C>
			<C cn="10" cr="0,0,0,0">97</C>
			<C cn="10" cr="0,0,0,0">117</C>
			<C cn="10" cr="0,0,0,0">122</C>
			<C cn="10" cr="0,0,0,0">101</C>
			<C cn="10" cr="0,0,0,0">32</C>
			<C cn="10" cr="0,0,0,0">66</C>
			<C cn="10" cr="0,0,0,0">97</C>
			<C cn="10" cr="0,0,0,0">110</C>
			<C cn="10" cr="0,0,0,0">100</C>
			<C cn="10" cr="0,0,0,0">97</C>
			<C cn="10" cr="0,0,0,0">103</C>
			<C cn="10" cr="0,0,0,0">101</C>
			<C cn="10" cr="0,0,0,0">32</C>
			<C cn="10" cr="0,0,0,0">45</C>
			<C cn="10" cr="0,0,0,0">49</C>
			<C cn="10" cr="0,0,0,0">46</C>
			<C cn="10" cr="0,0,0,0">53</C>
			<C cn="10" cr="0,0,0,0">32</C>
			<C cn="10" cr="0,0,0,0">105</C>
			<C cn="10" cr="0,0,0,0">110</C>
			<C cn="10" cr="0,0,0,0">99</C>
			<C cn="10" cr="0,0,0,0">104</C>
		</F>
		<F id="Item Number">
			<V n="Position">1459,1672,1619,1701</V>
			<V n="STATUS">0</V>
			<C cn="10" cr="0,0,0,0">52</C>
			<C cn="10" cr="0,0,0,0">51</C>
			<C cn="10" cr="0,0,0,0">51</C>
			<C cn="10" cr="0,0,0,0">52</C>
			<C cn="10" cr="0,0,0,0">53</C>
			<C cn="10" cr="0,0,0,0">50</C>
			<C cn="10" cr="0,0,0,0">52</C>
		</F>
		<F id="Price">
			<V n="Position">1870,1672,1945,1701</V>
			<V n="STATUS">0</V>
			<C cn="10" cr="0,0,0,0">49</C>
			<C cn="10" cr="0,0,0,0">46</C>
			<C cn="10" cr="0,0,0,0">52</C>
			<C cn="10" cr="0,0,0,0">50</C>
		</F>
		<F id="Extended">
			<V n="Position">2094,1672,2194,1701</V>
			<V n="STATUS">0</V>
			<C cn="10" cr="0,0,0,0">50</C>
			<C cn="10" cr="0,0,0,0">52</C>
			<C cn="10" cr="0,0,0,0">46</C>
			<C cn="10" cr="0,0,0,0">49</C>
			<C cn="10" cr="0,0,0,0">52</C>
		</F>
	</F>
	<F id="MyLineItem9">
		<V n="Position">324,1727,2194,1766</V>
		<V n="STATUS">0</V>
		<F id="Quantity">
			<V n="Position">324,1729,366,1758</V>
			<V n="STATUS">0</V>
			<C cn="10" cr="0,0,0,0">50</C>
			<C cn="10" cr="0,0,0,0">52</C>
		</F>
		<F id="Description">
			<V n="Position">513,1727,1220,1766</V>
			<V n="STATUS">0</V>
			<C cn="10" cr="0,0,0,0">51</C>
			<C cn="10" cr="0,0,0,0">45</C>
			<C cn="10" cr="0,0,0,0">112</C>
			<C cn="10" cr="0,0,0,0">97</C>
			<C cn="10" cr="0,0,0,0">99</C>
			<C cn="10" cr="0,0,0,0">107</C>
			<C cn="10" cr="0,0,0,0">32</C>
			<C cn="10" cr="0,0,0,0">87</C>
			<C cn="10" cr="0,0,0,0">104</C>
			<C cn="10" cr="0,0,0,0">105</C>
			<C cn="10" cr="0,0,0,0">116</C>
			<C cn="10" cr="0,0,0,0">101</C>
			<C cn="10" cr="0,0,0,0">32</C>
			<C cn="10" cr="0,0,0,0">65</C>
			<C cn="10" cr="0,0,0,0">100</C>
			<C cn="10" cr="0,0,0,0">104</C>
			<C cn="10" cr="0,0,0,0">101</C>
			<C cn="10" cr="0,0,0,0">115</C>
			<C cn="10" cr="0,0,0,0">105</C>
			<C cn="10" cr="0,0,0,0">118</C>
			<C cn="10" cr="0,0,0,0">101</C>
			<C cn="10" cr="0,0,0,0">32</C>
			<C cn="10" cr="0,0,0,0">84</C>
			<C cn="10" cr="0,0,0,0">97</C>
			<C cn="10" cr="0,0,0,0">112</C>
			<C cn="10" cr="0,0,0,0">101</C>
			<C cn="10" cr="0,0,0,0">32</C>
			<C cn="10" cr="0,0,0,0">45</C>
			<C cn="10" cr="0,0,0,0">49</C>
			<C cn="10" cr="0,0,0,0">46</C>
			<C cn="10" cr="0,0,0,0">53</C>
			<C cn="10" cr="0,0,0,0">32</C>
			<C cn="10" cr="0,0,0,0">105</C>
			<C cn="10" cr="0,0,0,0">110</C>
			<C cn="10" cr="0,0,0,0">99</C>
			<C cn="10" cr="0,0,0,0">104</C>
		</F>
		<F id="Item Number">
			<V n="Position">1461,1729,1618,1758</V>
			<V n="STATUS">0</V>
			<C cn="10" cr="0,0,0,0">50</C>
			<C cn="10" cr="0,0,0,0">51</C>
			<C cn="10" cr="0,0,0,0">52</C>
			<C cn="10" cr="0,0,0,0">52</C>
			<C cn="10" cr="0,0,0,0">52</C>
			<C cn="10" cr="0,0,0,0">51</C>
			<C cn="10" cr="0,0,0,0">51</C>
		</F>
		<F id="Price">
			<V n="Position">1868,1729,1946,1758</V>
			<V n="STATUS">0</V>
			<C cn="10" cr="0,0,0,0">54</C>
			<C cn="10" cr="0,0,0,0">46</C>
			<C cn="10" cr="0,0,0,0">49</C>
			<C cn="10" cr="0,0,0,0">52</C>
		</F>
		<F id="Extended">
			<V n="Position">2071,1729,2194,1758</V>
			<V n="STATUS">0</V>
			<C cn="10" cr="0,0,0,0">49</C>
			<C cn="10" cr="0,0,0,0">52</C>
			<C cn="10" cr="0,0,0,0">55</C>
			<C cn="10" cr="0,0,0,0">46</C>
			<C cn="10" cr="0,0,0,0">51</C>
			<C cn="10" cr="0,0,0,0">54</C>
		</F>
	</F>
	<F id="MyLineItem10">
		<V n="Position">325,1783,2194,1822</V>
		<V n="STATUS">0</V>
		<F id="Quantity">
			<V n="Position">325,1785,365,1814</V>
			<V n="STATUS">0</V>
			<C cn="10" cr="0,0,0,0">49</C>
			<C cn="10" cr="0,0,0,0">50</C>
		</F>
		<F id="Description">
			<V n="Position">512,1783,1185,1822</V>
			<V n="STATUS">0</V>
			<C cn="10" cr="0,0,0,0">52</C>
			<C cn="10" cr="0,0,0,0">45</C>
			<C cn="10" cr="0,0,0,0">112</C>
			<C cn="10" cr="0,0,0,0">97</C>
			<C cn="10" cr="0,0,0,0">99</C>
			<C cn="10" cr="0,0,0,0">107</C>
			<C cn="10" cr="0,0,0,0">32</C>
			<C cn="10" cr="0,0,0,0">87</C>
			<C cn="10" cr="0,0,0,0">104</C>
			<C cn="10" cr="0,0,0,0">105</C>
			<C cn="10" cr="0,0,0,0">116</C>
			<C cn="10" cr="0,0,0,0">101</C>
			<C cn="10" cr="0,0,0,0">32</C>
			<C cn="10" cr="0,0,0,0">65</C>
			<C cn="10" cr="0,0,0,0">100</C>
			<C cn="10" cr="0,0,0,0">104</C>
			<C cn="10" cr="0,0,0,0">101</C>
			<C cn="10" cr="0,0,0,0">115</C>
			<C cn="10" cr="0,0,0,0">105</C>
			<C cn="10" cr="0,0,0,0">118</C>
			<C cn="10" cr="0,0,0,0">101</C>
			<C cn="10" cr="0,0,0,0">32</C>
			<C cn="10" cr="0,0,0,0">84</C>
			<C cn="10" cr="0,0,0,0">97</C>
			<C cn="10" cr="0,0,0,0">112</C>
			<C cn="10" cr="0,0,0,0">101</C>
			<C cn="10" cr="0,0,0,0">32</C>
			<C cn="10" cr="0,0,0,0">45</C>
			<C cn="10" cr="0,0,0,0">49</C>
			<C cn="10" cr="0,0,0,0">32</C>
			<C cn="10" cr="0,0,0,0">105</C>
			<C cn="10" cr="0,0,0,0">110</C>
			<C cn="10" cr="0,0,0,0">99</C>
			<C cn="10" cr="0,0,0,0">104</C>
		</F>
		<F id="Item Number">
			<V n="Position">1461,1785,1618,1814</V>
			<V n="STATUS">0</V>
			<C cn="10" cr="0,0,0,0">50</C>
			<C cn="10" cr="0,0,0,0">51</C>
			<C cn="10" cr="0,0,0,0">52</C>
			<C cn="10" cr="0,0,0,0">52</C>
			<C cn="10" cr="0,0,0,0">52</C>
			<C cn="10" cr="0,0,0,0">51</C>
			<C cn="10" cr="0,0,0,0">50</C>
		</F>
		<F id="Price">
			<V n="Position">1868,1785,1945,1814</V>
			<V n="STATUS">0</V>
			<C cn="10" cr="0,0,0,0">53</C>
			<C cn="10" cr="0,0,0,0">46</C>
			<C cn="10" cr="0,0,0,0">55</C>
			<C cn="10" cr="0,0,0,0">55</C>
		</F>
		<F id="Extended">
			<V n="Position">2093,1785,2194,1814</V>
			<V n="STATUS">0</V>
			<C cn="10" cr="0,0,0,0">54</C>
			<C cn="10" cr="0,0,0,0">57</C>
			<C cn="10" cr="0,0,0,0">46</C>
			<C cn="10" cr="0,0,0,0">50</C>
			<C cn="10" cr="0,0,0,0">52</C>
		</F>
	</F>
	<F id="MyLineItem11">
		<V n="Position">513,1006,2194,1879</V>
		<V n="STATUS">0</V>
		<F id="Quantity">
			<V n="Position">2125,1006,2141,1032</V>
			<V n="STATUS">0</V>
			<C cn="10" cr="0,0,0,0">50</C>
		</F>
		<F id="Description">
			<V n="Position">513,1840,1100,1879</V>
			<V n="STATUS">0</V>
			<C cn="10" cr="0,0,0,0">83</C>
			<C cn="10" cr="0,0,0,0">97</C>
			<C cn="10" cr="0,0,0,0">102</C>
			<C cn="10" cr="0,0,0,0">101</C>
			<C cn="10" cr="0,0,0,0">116</C>
			<C cn="10" cr="0,0,0,0">121</C>
			<C cn="10" cr="0,0,0,0">32</C>
			<C cn="10" cr="0,0,0,0">99</C>
			<C cn="10" cr="0,0,0,0">111</C>
			<C cn="10" cr="0,0,0,0">109</C>
			<C cn="10" cr="0,0,0,0">112</C>
			<C cn="10" cr="0,0,0,0">108</C>
			<C cn="10" cr="0,0,0,0">105</C>
			<C cn="10" cr="0,0,0,0">97</C>
			<C cn="10" cr="0,0,0,0">110</C>
			<C cn="10" cr="0,0,0,0">116</C>
			<C cn="10" cr="0,0,0,0">32</C>
			<C cn="10" cr="0,0,0,0">101</C>
			<C cn="10" cr="0,0,0,0">97</C>
			<C cn="10" cr="0,0,0,0">114</C>
			<C cn="10" cr="0,0,0,0">32</C>
			<C cn="10" cr="0,0,0,0">112</C>
			<C cn="10" cr="0,0,0,0">114</C>
			<C cn="10" cr="0,0,0,0">111</C>
			<C cn="10" cr="0,0,0,0">116</C>
			<C cn="10" cr="0,0,0,0">101</C>
			<C cn="10" cr="0,0,0,0">99</C>
			<C cn="10" cr="0,0,0,0">116</C>
			<C cn="10" cr="0,0,0,0">111</C>
			<C cn="10" cr="0,0,0,0">114</C>
			<C cn="10" cr="0,0,0,0">115</C>
		</F>
		<F id="Item Number">
			<V n="Position">1461,1842,1618,1871</V>
			<V n="STATUS">0</V>
			<C cn="10" cr="0,0,0,0">50</C>
			<C cn="10" cr="0,0,0,0">51</C>
			<C cn="10" cr="0,0,0,0">51</C>
			<C cn="10" cr="0,0,0,0">50</C>
			<C cn="10" cr="0,0,0,0">53</C>
			<C cn="10" cr="0,0,0,0">53</C>
			<C cn="10" cr="0,0,0,0">53</C>
		</F>
		<F id="Price">
			<V n="Position">1844,1842,1945,1871</V>
			<V n="STATUS">0</V>
			<C cn="10" cr="0,0,0,0">52</C>
			<C cn="10" cr="0,0,0,0">51</C>
			<C cn="10" cr="0,0,0,0">46</C>
			<C cn="10" cr="0,0,0,0">49</C>
			<C cn="10" cr="0,0,0,0">50</C>
		</F>
		<F id="Extended">
			<V n="Position">2093,1842,2194,1871</V>
			<V n="STATUS">0</V>
			<C cn="10" cr="0,0,0,0">56</C>
			<C cn="10" cr="0,0,0,0">54</C>
			<C cn="10" cr="0,0,0,0">46</C>
			<C cn="10" cr="0,0,0,0">50</C>
			<C cn="10" cr="0,0,0,0">52</C>
		</F>
	</F>
	<F id="MyLineItem12">
		<V n="Position">347,1898,2193,1935</V>
		<V n="STATUS">0</V>
		<F id="Quantity">
			<V n="Position">347,1898,366,1927</V>
			<V n="STATUS">0</V>
			<C cn="10" cr="0,0,0,0">56</C>
		</F>
		<F id="Description">
			<V n="Position">512,1898,710,1935</V>
			<V n="STATUS">0</V>
			<C cn="10" cr="0,0,0,0">88</C>
			<C cn="10" cr="0,0,0,0">76</C>
			<C cn="10" cr="0,0,0,0">32</C>
			<C cn="10" cr="0,0,0,0">71</C>
			<C cn="10" cr="0,0,0,0">111</C>
			<C cn="10" cr="0,0,0,0">103</C>
			<C cn="10" cr="0,0,0,0">103</C>
			<C cn="10" cr="0,0,0,0">108</C>
			<C cn="10" cr="0,0,0,0">101</C>
			<C cn="10" cr="0,0,0,0">115</C>
		</F>
		<F id="Item Number">
			<V n="Position">1460,1898,1619,1927</V>
			<V n="STATUS">0</V>
			<C cn="10" cr="0,0,0,0">56</C>
			<C cn="10" cr="0,0,0,0">52</C>
			<C cn="10" cr="0,0,0,0">53</C>
			<C cn="10" cr="0,0,0,0">54</C>
			<C cn="10" cr="0,0,0,0">52</C>
			<C cn="10" cr="0,0,0,0">53</C>
			<C cn="10" cr="0,0,0,0">52</C>
		</F>
		<F id="Price">
			<V n="Position">1846,1898,1946,1927</V>
			<V n="STATUS">0</V>
			<C cn="10" cr="0,0,0,0">50</C>
			<C cn="10" cr="0,0,0,0">55</C>
			<C cn="10" cr="0,0,0,0">46</C>
			<C cn="10" cr="0,0,0,0">54</C>
			<C cn="10" cr="0,0,0,0">54</C>
		</F>
		<F id="Extended">
			<V n="Position">2070,1898,2193,1927</V>
			<V n="STATUS">0</V>
			<C cn="10" cr="0,0,0,0">50</C>
			<C cn="10" cr="0,0,0,0">50</C>
			<C cn="10" cr="0,0,0,0">49</C>
			<C cn="10" cr="0,0,0,0">46</C>
			<C cn="10" cr="0,0,0,0">50</C>
			<C cn="10" cr="0,0,0,0">56</C>
		</F>
	</F>
	<F id="MyLineItem13">
		<V n="Position">515,1503,2194,1992</V>
		<V n="STATUS">0</V>
		<F id="Quantity">
			<V n="Position">934,1503,955,1532</V>
			<V n="STATUS">0</V>
			<C cn="10" cr="0,0,0,0">52</C>
		</F>
		<F id="Description">
			<V n="Position">515,1955,1004,1992</V>
			<V n="STATUS">0</V>
			<C cn="10" cr="0,0,0,0">49</C>
			<C cn="10" cr="0,0,0,0">50</C>
			<C cn="10" cr="0,0,0,0">32</C>
			<C cn="10" cr="0,0,0,0">112</C>
			<C cn="10" cr="0,0,0,0">97</C>
			<C cn="10" cr="0,0,0,0">99</C>
			<C cn="10" cr="0,0,0,0">107</C>
			<C cn="10" cr="0,0,0,0">32</C>
			<C cn="10" cr="0,0,0,0">65</C>
			<C cn="10" cr="0,0,0,0">109</C>
			<C cn="10" cr="0,0,0,0">109</C>
			<C cn="10" cr="0,0,0,0">111</C>
			<C cn="10" cr="0,0,0,0">110</C>
			<C cn="10" cr="0,0,0,0">105</C>
			<C cn="10" cr="0,0,0,0">97</C>
			<C cn="10" cr="0,0,0,0">32</C>
			<C cn="10" cr="0,0,0,0">73</C>
			<C cn="10" cr="0,0,0,0">110</C>
			<C cn="10" cr="0,0,0,0">104</C>
			<C cn="10" cr="0,0,0,0">97</C>
			<C cn="10" cr="0,0,0,0">108</C>
			<C cn="10" cr="0,0,0,0">101</C>
			<C cn="10" cr="0,0,0,0">114</C>
			<C cn="10" cr="0,0,0,0">115</C>
		</F>
		<F id="Item Number">
			<V n="Position">1460,1955,1618,1984</V>
			<V n="STATUS">0</V>
			<C cn="10" cr="0,0,0,0">54</C>
			<C cn="10" cr="0,0,0,0">51</C>
			<C cn="10" cr="0,0,0,0">52</C>
			<C cn="10" cr="0,0,0,0">50</C>
			<C cn="10" cr="0,0,0,0">50</C>
			<C cn="10" cr="0,0,0,0">51</C>
			<C cn="10" cr="0,0,0,0">51</C>
		</F>
		<F id="Price">
			<V n="Position">1868,1955,1945,1984</V>
			<V n="STATUS">0</V>
			<C cn="10" cr="0,0,0,0">53</C>
			<C cn="10" cr="0,0,0,0">46</C>
			<C cn="10" cr="0,0,0,0">57</C>
			<C cn="10" cr="0,0,0,0">57</C>
		</F>
		<F id="Extended">
			<V n="Position">2094,1955,2194,1984</V>
			<V n="STATUS">0</V>
			<C cn="10" cr="0,0,0,0">50</C>
			<C cn="10" cr="0,0,0,0">51</C>
			<C cn="10" cr="0,0,0,0">46</C>
			<C cn="10" cr="0,0,0,0">57</C>
			<C cn="10" cr="0,0,0,0">54</C>
		</F>
	</F>
	<F id="MyLineItem14">
		<V n="Position">323,2011,2194,2048</V>
		<V n="STATUS">0</V>
		<F id="Quantity">
			<V n="Position">323,2011,366,2040</V>
			<V n="STATUS">0</V>
			<C cn="10" cr="0,0,0,0">51</C>
			<C cn="10" cr="0,0,0,0">54</C>
		</F>
		<F id="Description">
			<V n="Position">515,2011,1095,2048</V>
			<V n="STATUS">0</V>
			<C cn="10" cr="0,0,0,0">49</C>
			<C cn="10" cr="0,0,0,0">50</C>
			<C cn="10" cr="0,0,0,0">32</C>
			<C cn="10" cr="0,0,0,0">99</C>
			<C cn="10" cr="0,0,0,0">116</C>
			<C cn="10" cr="0,0,0,0">32</C>
			<C cn="10" cr="0,0,0,0">65</C>
			<C cn="10" cr="0,0,0,0">100</C>
			<C cn="10" cr="0,0,0,0">104</C>
			<C cn="10" cr="0,0,0,0">101</C>
			<C cn="10" cr="0,0,0,0">115</C>
			<C cn="10" cr="0,0,0,0">105</C>
			<C cn="10" cr="0,0,0,0">118</C>
			<C cn="10" cr="0,0,0,0">101</C>
			<C cn="10" cr="0,0,0,0">32</C>
			<C cn="10" cr="0,0,0,0">66</C>
			<C cn="10" cr="0,0,0,0">97</C>
			<C cn="10" cr="0,0,0,0">110</C>
			<C cn="10" cr="0,0,0,0">100</C>
			<C cn="10" cr="0,0,0,0">97</C>
			<C cn="10" cr="0,0,0,0">103</C>
			<C cn="10" cr="0,0,0,0">101</C>
			<C cn="10" cr="0,0,0,0">115</C>
			<C cn="10" cr="0,0,0,0">32</C>
			<C cn="10" cr="0,0,0,0">45</C>
			<C cn="10" cr="0,0,0,0">83</C>
			<C cn="10" cr="0,0,0,0">109</C>
			<C cn="10" cr="0,0,0,0">97</C>
			<C cn="10" cr="0,0,0,0">108</C>
			<C cn="10" cr="0,0,0,0">108</C>
		</F>
		<F id="Item Number">
			<V n="Position">1459,2011,1618,2040</V>
			<V n="STATUS">0</V>
			<C cn="10" cr="0,0,0,0">52</C>
			<C cn="10" cr="0,0,0,0">52</C>
			<C cn="10" cr="0,0,0,0">50</C>
			<C cn="10" cr="0,0,0,0">56</C>
			<C cn="10" cr="0,0,0,0">56</C>
			<C cn="10" cr="0,0,0,0">49</C>
			<C cn="10" cr="0,0,0,0">51</C>
		</F>
		<F id="Price">
			<V n="Position">1867,2011,1945,2040</V>
			<V n="STATUS">0</V>
			<C cn="10" cr="0,0,0,0">52</C>
			<C cn="10" cr="0,0,0,0">46</C>
			<C cn="10" cr="0,0,0,0">49</C>
			<C cn="10" cr="0,0,0,0">57</C>
		</F>
		<F id="Extended">
			<V n="Position">2071,2011,2194,2040</V>
			<V n="STATUS">0</V>
			<C cn="10" cr="0,0,0,0">49</C>
			<C cn="10" cr="0,0,0,0">53</C>
			<C cn="10" cr="0,0,0,0">48</C>
			<C cn="10" cr="0,0,0,0">46</C>
			<C cn="10" cr="0,0,0,0">56</C>
			<C cn="10" cr="0,0,0,0">52</C>
		</F>
	</F>
	<F id="MyLineItem15">
		<V n="Position">323,2011,2194,2105</V>
		<V n="STATUS">0</V>
		<F id="Quantity">
			<V n="Position">323,2011,366,2040</V>
			<V n="STATUS">0</V>
			<C cn="10" cr="0,0,0,0">51</C>
			<C cn="10" cr="0,0,0,0">54</C>
		</F>
		<F id="Description">
			<V n="Position">515,2068,1163,2105</V>
			<V n="STATUS">0</V>
			<C cn="10" cr="0,0,0,0">49</C>
			<C cn="10" cr="0,0,0,0">50</C>
			<C cn="10" cr="0,0,0,0">32</C>
			<C cn="10" cr="0,0,0,0">99</C>
			<C cn="10" cr="0,0,0,0">116</C>
			<C cn="10" cr="0,0,0,0">32</C>
			<C cn="10" cr="0,0,0,0">65</C>
			<C cn="10" cr="0,0,0,0">100</C>
			<C cn="10" cr="0,0,0,0">104</C>
			<C cn="10" cr="0,0,0,0">101</C>
			<C cn="10" cr="0,0,0,0">115</C>
			<C cn="10" cr="0,0,0,0">105</C>
			<C cn="10" cr="0,0,0,0">118</C>
			<C cn="10" cr="0,0,0,0">101</C>
			<C cn="10" cr="0,0,0,0">32</C>
			<C cn="10" cr="0,0,0,0">66</C>
			<C cn="10" cr="0,0,0,0">97</C>
			<C cn="10" cr="0,0,0,0">110</C>
			<C cn="10" cr="0,0,0,0">100</C>
			<C cn="10" cr="0,0,0,0">97</C>
			<C cn="10" cr="0,0,0,0">103</C>
			<C cn="10" cr="0,0,0,0">101</C>
			<C cn="10" cr="0,0,0,0">115</C>
			<C cn="10" cr="0,0,0,0">32</C>
			<C cn="10" cr="0,0,0,0">45</C>
			<C cn="10" cr="0,0,0,0">32</C>
			<C cn="10" cr="0,0,0,0">77</C>
			<C cn="10" cr="0,0,0,0">101</C>
			<C cn="10" cr="0,0,0,0">100</C>
			<C cn="10" cr="0,0,0,0">105</C>
			<C cn="10" cr="0,0,0,0">117</C>
			<C cn="10" cr="0,0,0,0">109</C>
		</F>
		<F id="Item Number">
			<V n="Position">1459,2068,1619,2097</V>
			<V n="STATUS">0</V>
			<C cn="10" cr="0,0,0,0">52</C>
			<C cn="10" cr="0,0,0,0">52</C>
			<C cn="10" cr="0,0,0,0">50</C>
			<C cn="10" cr="0,0,0,0">56</C>
			<C cn="10" cr="0,0,0,0">56</C>
			<C cn="10" cr="0,0,0,0">49</C>
			<C cn="10" cr="0,0,0,0">52</C>
		</F>
		<F id="Price">
			<V n="Position">1868,2068,1946,2097</V>
			<V n="STATUS">0</V>
			<C cn="10" cr="0,0,0,0">53</C>
			<C cn="10" cr="0,0,0,0">46</C>
			<C cn="10" cr="0,0,0,0">52</C>
			<C cn="10" cr="0,0,0,0">52</C>
		</F>
		<F id="Extended">
			<V n="Position">2071,2068,2194,2097</V>
			<V n="STATUS">0</V>
			<C cn="10" cr="0,0,0,0">49</C>
			<C cn="10" cr="0,0,0,0">57</C>
			<C cn="10" cr="0,0,0,0">53</C>
			<C cn="10" cr="0,0,0,0">46</C>
			<C cn="10" cr="0,0,0,0">56</C>
			<C cn="10" cr="0,0,0,0">52</C>
		</F>
	</F>
	<F id="MyLineItem16">
		<V n="Position">324,1729,2193,2161</V>
		<V n="STATUS">0</V>
		<F id="Quantity">
			<V n="Position">324,1729,366,1758</V>
			<V n="STATUS">0</V>
			<C cn="10" cr="0,0,0,0">50</C>
			<C cn="10" cr="0,0,0,0">52</C>
		</F>
		<F id="Description">
			<V n="Position">515,2124,1108,2161</V>
			<V n="STATUS">0</V>
			<C cn="10" cr="0,0,0,0">49</C>
			<C cn="10" cr="0,0,0,0">50</C>
			<C cn="10" cr="0,0,0,0">32</C>
			<C cn="10" cr="0,0,0,0">99</C>
			<C cn="10" cr="0,0,0,0">116</C>
			<C cn="10" cr="0,0,0,0">32</C>
			<C cn="10" cr="0,0,0,0">65</C>
			<C cn="10" cr="0,0,0,0">100</C>
			<C cn="10" cr="0,0,0,0">104</C>
			<C cn="10" cr="0,0,0,0">101</C>
			<C cn="10" cr="0,0,0,0">115</C>
			<C cn="10" cr="0,0,0,0">105</C>
			<C cn="10" cr="0,0,0,0">118</C>
			<C cn="10" cr="0,0,0,0">101</C>
			<C cn="10" cr="0,0,0,0">32</C>
			<C cn="10" cr="0,0,0,0">66</C>
			<C cn="10" cr="0,0,0,0">97</C>
			<C cn="10" cr="0,0,0,0">110</C>
			<C cn="10" cr="0,0,0,0">100</C>
			<C cn="10" cr="0,0,0,0">97</C>
			<C cn="10" cr="0,0,0,0">103</C>
			<C cn="10" cr="0,0,0,0">101</C>
			<C cn="10" cr="0,0,0,0">115</C>
			<C cn="10" cr="0,0,0,0">32</C>
			<C cn="10" cr="0,0,0,0">45</C>
			<C cn="10" cr="0,0,0,0">32</C>
			<C cn="10" cr="0,0,0,0">76</C>
			<C cn="10" cr="0,0,0,0">97</C>
			<C cn="10" cr="0,0,0,0">114</C>
			<C cn="10" cr="0,0,0,0">103</C>
			<C cn="10" cr="0,0,0,0">101</C>
		</F>
		<F id="Item Number">
			<V n="Position">1459,2124,1618,2153</V>
			<V n="STATUS">0</V>
			<C cn="10" cr="0,0,0,0">52</C>
			<C cn="10" cr="0,0,0,0">52</C>
			<C cn="10" cr="0,0,0,0">50</C>
			<C cn="10" cr="0,0,0,0">56</C>
			<C cn="10" cr="0,0,0,0">56</C>
			<C cn="10" cr="0,0,0,0">49</C>
			<C cn="10" cr="0,0,0,0">53</C>
		</F>
		<F id="Price">
			<V n="Position">1868,2124,1945,2153</V>
			<V n="STATUS">0</V>
			<C cn="10" cr="0,0,0,0">54</C>
			<C cn="10" cr="0,0,0,0">46</C>
			<C cn="10" cr="0,0,0,0">51</C>
			<C cn="10" cr="0,0,0,0">50</C>
		</F>
		<F id="Extended">
			<V n="Position">2071,2124,2193,2153</V>
			<V n="STATUS">0</V>
			<C cn="10" cr="0,0,0,0">49</C>
			<C cn="10" cr="0,0,0,0">53</C>
			<C cn="10" cr="0,0,0,0">49</C>
			<C cn="10" cr="0,0,0,0">46</C>
			<C cn="10" cr="0,0,0,0">54</C>
			<C cn="10" cr="0,0,0,0">56</C>
		</F>
	</F>
	<F id="MyLineItem17">
		<V n="Position">325,1785,2193,2218</V>
		<V n="STATUS">0</V>
		<F id="Quantity">
			<V n="Position">325,1785,365,1814</V>
			<V n="STATUS">0</V>
			<C cn="10" cr="0,0,0,0">49</C>
			<C cn="10" cr="0,0,0,0">50</C>
		</F>
		<F id="Description">
			<V n="Position">513,2181,1262,2218</V>
			<V n="STATUS">0</V>
			<C cn="10" cr="0,0,0,0">53</C>
			<C cn="10" cr="0,0,0,0">32</C>
			<C cn="10" cr="0,0,0,0">99</C>
			<C cn="10" cr="0,0,0,0">116</C>
			<C cn="10" cr="0,0,0,0">32</C>
			<C cn="10" cr="0,0,0,0">65</C>
			<C cn="10" cr="0,0,0,0">100</C>
			<C cn="10" cr="0,0,0,0">104</C>
			<C cn="10" cr="0,0,0,0">101</C>
			<C cn="10" cr="0,0,0,0">115</C>
			<C cn="10" cr="0,0,0,0">105</C>
			<C cn="10" cr="0,0,0,0">118</C>
			<C cn="10" cr="0,0,0,0">101</C>
			<C cn="10" cr="0,0,0,0">32</C>
			<C cn="10" cr="0,0,0,0">66</C>
			<C cn="10" cr="0,0,0,0">97</C>
			<C cn="10" cr="0,0,0,0">110</C>
			<C cn="10" cr="0,0,0,0">100</C>
			<C cn="10" cr="0,0,0,0">97</C>
			<C cn="10" cr="0,0,0,0">103</C>
			<C cn="10" cr="0,0,0,0">101</C>
			<C cn="10" cr="0,0,0,0">115</C>
			<C cn="10" cr="0,0,0,0">32</C>
			<C cn="10" cr="0,0,0,0">45</C>
			<C cn="10" cr="0,0,0,0">32</C>
			<C cn="10" cr="0,0,0,0">71</C>
			<C cn="10" cr="0,0,0,0">97</C>
			<C cn="10" cr="0,0,0,0">112</C>
			<C cn="10" cr="0,0,0,0">105</C>
			<C cn="10" cr="0,0,0,0">110</C>
			<C cn="10" cr="0,0,0,0">103</C>
			<C cn="10" cr="0,0,0,0">32</C>
			<C cn="10" cr="0,0,0,0">87</C>
			<C cn="10" cr="0,0,0,0">111</C>
			<C cn="10" cr="0,0,0,0">117</C>
			<C cn="10" cr="0,0,0,0">110</C>
			<C cn="10" cr="0,0,0,0">100</C>
		</F>
		<F id="Item Number">
			<V n="Position">1460,2181,1618,2210</V>
			<V n="STATUS">0</V>
			<C cn="10" cr="0,0,0,0">57</C>
			<C cn="10" cr="0,0,0,0">49</C>
			<C cn="10" cr="0,0,0,0">49</C>
			<C cn="10" cr="0,0,0,0">48</C>
			<C cn="10" cr="0,0,0,0">57</C>
			<C cn="10" cr="0,0,0,0">49</C>
			<C cn="10" cr="0,0,0,0">49</C>
		</F>
		<F id="Price">
			<V n="Position">1868,2181,1945,2210</V>
			<V n="STATUS">0</V>
			<C cn="10" cr="0,0,0,0">57</C>
			<C cn="10" cr="0,0,0,0">46</C>
			<C cn="10" cr="0,0,0,0">49</C>
			<C cn="10" cr="0,0,0,0">49</C>
		</F>
		<F id="Extended">
			<V n="Position">2071,2181,2193,2210</V>
			<V n="STATUS">0</V>
			<C cn="10" cr="0,0,0,0">49</C>
			<C cn="10" cr="0,0,0,0">48</C>
			<C cn="10" cr="0,0,0,0">57</C>
			<C cn="10" cr="0,0,0,0">46</C>
			<C cn="10" cr="0,0,0,0">51</C>
			<C cn="10" cr="0,0,0,0">50</C>
		</F>
	</F>
	<F id="MyLineItem18">
		<V n="Position">347,2237,2194,2266</V>
		<V n="STATUS">0</V>
		<F id="Quantity">
			<V n="Position">347,2237,366,2266</V>
			<V n="STATUS">0</V>
			<C cn="10" cr="0,0,0,0">57</C>
		</F>
		<F id="Description">
			<V n="Position">513,2237,1123,2266</V>
			<V n="STATUS">0</V>
			<C cn="10" cr="0,0,0,0">53</C>
			<C cn="10" cr="0,0,0,0">32</C>
			<C cn="10" cr="0,0,0,0">111</C>
			<C cn="10" cr="0,0,0,0">122</C>
			<C cn="10" cr="0,0,0,0">32</C>
			<C cn="10" cr="0,0,0,0">116</C>
			<C cn="10" cr="0,0,0,0">117</C>
			<C cn="10" cr="0,0,0,0">98</C>
			<C cn="10" cr="0,0,0,0">101</C>
			<C cn="10" cr="0,0,0,0">32</C>
			<C cn="10" cr="0,0,0,0">65</C>
			<C cn="10" cr="0,0,0,0">110</C>
			<C cn="10" cr="0,0,0,0">116</C>
			<C cn="10" cr="0,0,0,0">105</C>
			<C cn="10" cr="0,0,0,0">98</C>
			<C cn="10" cr="0,0,0,0">97</C>
			<C cn="10" cr="0,0,0,0">99</C>
			<C cn="10" cr="0,0,0,0">116</C>
			<C cn="10" cr="0,0,0,0">101</C>
			<C cn="10" cr="0,0,0,0">114</C>
			<C cn="10" cr="0,0,0,0">105</C>
			<C cn="10" cr="0,0,0,0">97</C>
			<C cn="10" cr="0,0,0,0">108</C>
			<C cn="10" cr="0,0,0,0">32</C>
			<C cn="10" cr="0,0,0,0">79</C>
			<C cn="10" cr="0,0,0,0">105</C>
			<C cn="10" cr="0,0,0,0">110</C>
			<C cn="10" cr="0,0,0,0">116</C>
			<C cn="10" cr="0,0,0,0">109</C>
			<C cn="10" cr="0,0,0,0">101</C>
			<C cn="10" cr="0,0,0,0">110</C>
			<C cn="10" cr="0,0,0,0">116</C>
		</F>
		<F id="Item Number">
			<V n="Position">1460,2237,1618,2266</V>
			<V n="STATUS">0</V>
			<C cn="10" cr="0,0,0,0">54</C>
			<C cn="10" cr="0,0,0,0">51</C>
			<C cn="10" cr="0,0,0,0">51</C>
			<C cn="10" cr="0,0,0,0">50</C>
			<C cn="10" cr="0,0,0,0">50</C>
			<C cn="10" cr="0,0,0,0">49</C>
			<C cn="10" cr="0,0,0,0">50</C>
		</F>
		<F id="Price">
			<V n="Position">1868,2237,1946,2266</V>
			<V n="STATUS">0</V>
			<C cn="10" cr="0,0,0,0">54</C>
			<C cn="10" cr="0,0,0,0">46</C>
			<C cn="10" cr="0,0,0,0">51</C>
			<C cn="10" cr="0,0,0,0">52</C>
		</F>
		<F id="Extended">
			<V n="Position">2093,2237,2194,2266</V>
			<V n="STATUS">0</V>
			<C cn="10" cr="0,0,0,0">53</C>
			<C cn="10" cr="0,0,0,0">55</C>
			<C cn="10" cr="0,0,0,0">46</C>
			<C cn="10" cr="0,0,0,0">48</C>
			<C cn="10" cr="0,0,0,0">54</C>
		</F>
	</F>
</F>
</P>
