{
  "Invoice Number": "2041955",
  "Bill To Name": "Steve Jones",
  "Bill To Address": "4567 Busy Street<br>Austin, TX 73443",
  "Invoice Date": "8/17/2011",
  "Ship To Name And Address": "Steve Jones<br>4567 Busy Street<br>Austin, TX 73443",
  "Sub total": "1245.58",
  "Tax": null,
  "Total": null,
  "Line Items": [
    {
      "Quantity": "3",
      "Description": "Deluxe First Aid Kit",
      "Item Number": "3332223",
      "Price": "129.89",
      "Extended": "389.67"
    },
    {
      "Quantity": "45",
      "Description": "100 pack paper cups - 4oz",
      "Item Number": "6423216",
      "Price": "7.23",
      "Extended": "325.35"
    },
    {
      "Quantity": "5",
      "Description": "Stainless Steel Tape Dispensers",
      "Item Number": "8738224",
      "Price": "19.55",
      "Extended": "97.75"
    },
    {
      "Quantity": "3",
      "Description": "1000 Count Aspirin - lOOmg",
      "Item Number": "3734353",
      "Price": "8.26",
      "Extended": "24.78"
    },
    {
      "Quantity": "17",
      "Description": "Rolls Gauze Bandage - 4 inch",
      "Item Number": "8534554",
      "Price": "2.16",
      "Extended": "36.72"
    },
    {
      "Quantity": "17",
      "Description": "Rolls Gauze Bandage - 3 inch",
      "Item Number": "4334522",
      "Price": "1.99",
      "Extended": "33.83"
    },
    {
      "Quantity": "17",
      "Description": "Rolls Gauze Bandage - 2 inch",
      "Item Number": "4334523",
      "Price": "1.67",
      "Extended": "28.39"
    },
    {
      "Quantity": "17",
      "Description": "Rolls Gauze Bandage -1.5 inch",
      "Item Number": "4334524",
      "Price": "1.42",
      "Extended": "24.14"
    },
    {
      "Quantity": "24",
      "Description": "3-pack White Adhesive Tape -1.5 inch",
      "Item Number": "2344433",
      "Price": "6.14",
      "Extended": "147.36"
    },
    {
      "Quantity": "12",
      "Description": "4-pack White Adhesive Tape -1 inch",
      "Item Number": "2344432",
      "Price": "5.77",
      "Extended": "69.24"
    },
    {
      "Quantity": "2",
      "Description": "Safety compliant ear protectors",
      "Item Number": "2332555",
      "Price": "43.12",
      "Extended": "86.24"
    },
    {
      "Quantity": "8",
      "Description": "XL Goggles",
      "Item Number": "8456454",
      "Price": "27.66",
      "Extended": "221.28"
    },
    {
      "Quantity": "4",
      "Description": "12 pack Ammonia Inhalers",
      "Item Number": "6342233",
      "Price": "5.99",
      "Extended": "23.96"
    },
    {
      "Quantity": "36",
      "Description": "12 ct Adhesive Bandages -Small",
      "Item Number": "4428813",
      "Price": "4.19",
      "Extended": "150.84"
    },
    {
      "Quantity": "36",
      "Description": "12 ct Adhesive Bandages - Medium",
      "Item Number": "4428814",
      "Price": "5.44",
      "Extended": "195.84"
    },
    {
      "Quantity": "24",
      "Description": "12 ct Adhesive Bandages - Large",
      "Item Number": "4428815",
      "Price": "6.32",
      "Extended": "151.68"
    },
    {
      "Quantity": "12",
      "Description": "5 ct Adhesive Bandages - Gaping Wound",
      "Item Number": "9110911",
      "Price": "9.11",
      "Extended": "109.32"
    },
    {
      "Quantity": "9",
      "Description": "5 oz tube Antibacterial Ointment",
      "Item Number": "6332212",
      "Price": "6.34",
      "Extended": "57.06"
    }
  ]
}