<?xml version="1.0" encoding="UTF-8" standalone="yes"?>
<rsapp name="watsonxai">
	<rsc>
		<ruleset id="1" name="MyVscan" depends=""/>
		<ruleset id="4" name="MyPageID" depends=""/>
		<ruleset name.dll="CreateDocuments" id="CreateDocuments" depends=""/>
		<ruleset id="3" name="Watson" depends=""/>
		<ruleset id="ImportFiles.Rul.dll" name.dll="ImportFiles" depends=""/>
		<ruleset id="2" name="Import Files - All" depends=""/>
		<ruleset name.dll="Image_Convert" id="Image_Convert" depends=""/>
		<ruleset name.dll="ImageEnhancement" id="ImageEnhancement" depends=""/>
		<ruleset name.dll="IdentifyPages" id="IdentifyPages" depends=""/>
		<ruleset name="Document Integrity" id="11" depends=""/>
		<ruleset name.dll="RecognizePagesAndFields" id="RecognizePagesAndFields" depends=""/>
		<ruleset name.dll="ValidateFields" id="ValidateFields" depends=""/>
		<ruleset name="Routing" id="10" depends=""/>
		<ruleset name="Export" id="7" depends=""/>
		<ruleset name="FingerprintAdd" id="8" depends=""/>
		<ruleset name="Export Statistics" id="Export Statistics" depends=""/>
		<ruleset name="Profile Statistics" id="Profile Statistics" depends=""/>
	</rsc>
	<tps>
		<tprofile name="ScanFromDisk_MultiFormat">
			<ruleset id="1"/>
		</tprofile>
		<tprofile name="PageID">
			<ruleset id="4"/>
			<ruleset id="CreateDocuments"/>
			<ruleset id="3"/>
		</tprofile>
		<tprofile name="Profiler">
			<ruleset id="10"/>
			<ruleset id="Profile Statistics"/>
		</tprofile>
		<tprofile name="Verify"/>
		<tprofile name="Export">
			<ruleset id="7"/>
			<ruleset id="Export Statistics"/>
		</tprofile>
		<tprofile name="FingerprintAdd">
			<ruleset id="ImageEnhancement"/>
			<ruleset id="8"/>
		</tprofile>
		<tprofile name="ScanFromDisk_SingleTIFFs">
			<ruleset id="ImportFiles.Rul.dll"/>
		</tprofile>
		<tprofile name="FixUp"/>
		<tprofile name="iVScan"/>
		<tprofile name="Convert">
			<ruleset id="Image_Convert"/>
		</tprofile>
		<tprofile name="VScan">
			<ruleset id="1"/>
		</tprofile>
	</tps>
</rsapp>