{
  "Invoice Number": "70002",
  "Bill To Name": "Brilliant Repair Shop",
  "Bill To Address": "90 Fixed Street\nCarson City, NV 89701",
  "Invoice Date": "02/26/09",
  "Ship To Name And Address": "Busy Car Repair\n100 Auto Road\nSalt Lake City, UT 84101",
  "Sub total": "536.50",
  "Tax": "42.92",
  "Total": "579.42",
  "Line Items": [
    {
      "Quantity": "6",
      "Item Number": "201",
      "Description": "Trucking - Ticket 138423",
      "Unit Price": "65.00",
      "Line Total": "390.00"
    },
    {
      "Quantity": "19",
      "Item Number": "206",
      "Description": "KCL",
      "Unit Price": "6.00",
      "Line Total": "114.00"
    },
    {
      "Quantity": "130",
      "Item Number": "203",
      "Description": "Fresh Water",
      "Unit Price": ".25",
      "Line Total": "32.50"
    }
  ]
}