<?xml-stylesheet type="text/xsl" href="..\..\dco.xsl"?>
<P id="TM000001">
<F id="InvoiceNum">
	<V n="TYPE">InvoiceNum</V>
	<V n="Position">0,0,0,0</V>
	<V n="STATUS">0</V>
	<C cn="10" cr="0,0,0,0">55</C>
	<C cn="10" cr="0,0,0,0">48</C>
	<C cn="10" cr="0,0,0,0">48</C>
	<C cn="10" cr="0,0,0,0">48</C>
	<C cn="10" cr="0,0,0,0">50</C>
</F>
<F id="BillToName">
	<V n="TYPE">BillToName</V>
	<V n="Position">464,816,839,854</V>
	<V n="STATUS">0</V>
	<C cn="10" cr="0,0,0,0">66</C>
	<C cn="10" cr="0,0,0,0">114</C>
	<C cn="10" cr="0,0,0,0">105</C>
	<C cn="10" cr="0,0,0,0">108</C>
	<C cn="10" cr="0,0,0,0">108</C>
	<C cn="10" cr="0,0,0,0">105</C>
	<C cn="10" cr="0,0,0,0">97</C>
	<C cn="10" cr="0,0,0,0">110</C>
	<C cn="10" cr="0,0,0,0">116</C>
	<C cn="10" cr="0,0,0,0">32</C>
	<C cn="10" cr="0,0,0,0">82</C>
	<C cn="10" cr="0,0,0,0">101</C>
	<C cn="10" cr="0,0,0,0">112</C>
	<C cn="10" cr="0,0,0,0">97</C>
	<C cn="10" cr="0,0,0,0">105</C>
	<C cn="10" cr="0,0,0,0">114</C>
	<C cn="10" cr="0,0,0,0">32</C>
	<C cn="10" cr="0,0,0,0">83</C>
	<C cn="10" cr="0,0,0,0">104</C>
	<C cn="10" cr="0,0,0,0">111</C>
	<C cn="10" cr="0,0,0,0">112</C>
</F>
<F id="BillToAddress">
	<V n="TYPE">BillToAddress</V>
	<V n="Position">0,0,0,0</V>
	<V n="STATUS">0</V>
	<C cn="10" cr="0,0,0,0">57</C>
	<C cn="10" cr="0,0,0,0">48</C>
	<C cn="10" cr="0,0,0,0">32</C>
	<C cn="10" cr="0,0,0,0">70</C>
	<C cn="10" cr="0,0,0,0">105</C>
	<C cn="10" cr="0,0,0,0">120</C>
	<C cn="10" cr="0,0,0,0">101</C>
	<C cn="10" cr="0,0,0,0">100</C>
	<C cn="10" cr="0,0,0,0">32</C>
	<C cn="10" cr="0,0,0,0">83</C>
	<C cn="10" cr="0,0,0,0">116</C>
	<C cn="10" cr="0,0,0,0">114</C>
	<C cn="10" cr="0,0,0,0">101</C>
	<C cn="10" cr="0,0,0,0">101</C>
	<C cn="10" cr="0,0,0,0">116</C>
	<C cn="10" cr="0,0,0,0">10</C>
	<C cn="10" cr="0,0,0,0">67</C>
	<C cn="10" cr="0,0,0,0">97</C>
	<C cn="10" cr="0,0,0,0">114</C>
	<C cn="10" cr="0,0,0,0">115</C>
	<C cn="10" cr="0,0,0,0">111</C>
	<C cn="10" cr="0,0,0,0">110</C>
	<C cn="10" cr="0,0,0,0">32</C>
	<C cn="10" cr="0,0,0,0">67</C>
	<C cn="10" cr="0,0,0,0">105</C>
	<C cn="10" cr="0,0,0,0">116</C>
	<C cn="10" cr="0,0,0,0">121</C>
	<C cn="10" cr="0,0,0,0">44</C>
	<C cn="10" cr="0,0,0,0">32</C>
	<C cn="10" cr="0,0,0,0">78</C>
	<C cn="10" cr="0,0,0,0">86</C>
	<C cn="10" cr="0,0,0,0">32</C>
	<C cn="10" cr="0,0,0,0">56</C>
	<C cn="10" cr="0,0,0,0">57</C>
	<C cn="10" cr="0,0,0,0">55</C>
	<C cn="10" cr="0,0,0,0">48</C>
	<C cn="10" cr="0,0,0,0">49</C>
</F>
<F id="Date">
	<V n="TYPE">Date</V>
	<V n="Position">2142,513,2277,538</V>
	<V n="STATUS">0</V>
	<C cn="10" cr="0,0,0,0">48</C>
	<C cn="10" cr="0,0,0,0">50</C>
	<C cn="10" cr="0,0,0,0">47</C>
	<C cn="10" cr="0,0,0,0">50</C>
	<C cn="10" cr="0,0,0,0">54</C>
	<C cn="10" cr="0,0,0,0">47</C>
	<C cn="10" cr="0,0,0,0">48</C>
	<C cn="10" cr="0,0,0,0">57</C>
</F>
<F id="ShipTo">
	<V n="TYPE">ShipTo</V>
	<V n="Position">0,0,0,0</V>
	<V n="STATUS">0</V>
	<C cn="10" cr="0,0,0,0">66</C>
	<C cn="10" cr="0,0,0,0">117</C>
	<C cn="10" cr="0,0,0,0">115</C>
	<C cn="10" cr="0,0,0,0">121</C>
	<C cn="10" cr="0,0,0,0">32</C>
	<C cn="10" cr="0,0,0,0">67</C>
	<C cn="10" cr="0,0,0,0">97</C>
	<C cn="10" cr="0,0,0,0">114</C>
	<C cn="10" cr="0,0,0,0">32</C>
	<C cn="10" cr="0,0,0,0">82</C>
	<C cn="10" cr="0,0,0,0">101</C>
	<C cn="10" cr="0,0,0,0">112</C>
	<C cn="10" cr="0,0,0,0">97</C>
	<C cn="10" cr="0,0,0,0">105</C>
	<C cn="10" cr="0,0,0,0">114</C>
	<C cn="10" cr="0,0,0,0">10</C>
	<C cn="10" cr="0,0,0,0">49</C>
	<C cn="10" cr="0,0,0,0">48</C>
	<C cn="10" cr="0,0,0,0">48</C>
	<C cn="10" cr="0,0,0,0">32</C>
	<C cn="10" cr="0,0,0,0">65</C>
	<C cn="10" cr="0,0,0,0">117</C>
	<C cn="10" cr="0,0,0,0">116</C>
	<C cn="10" cr="0,0,0,0">111</C>
	<C cn="10" cr="0,0,0,0">32</C>
	<C cn="10" cr="0,0,0,0">82</C>
	<C cn="10" cr="0,0,0,0">111</C>
	<C cn="10" cr="0,0,0,0">97</C>
	<C cn="10" cr="0,0,0,0">100</C>
	<C cn="10" cr="0,0,0,0">10</C>
	<C cn="10" cr="0,0,0,0">83</C>
	<C cn="10" cr="0,0,0,0">97</C>
	<C cn="10" cr="0,0,0,0">108</C>
	<C cn="10" cr="0,0,0,0">116</C>
	<C cn="10" cr="0,0,0,0">32</C>
	<C cn="10" cr="0,0,0,0">76</C>
	<C cn="10" cr="0,0,0,0">97</C>
	<C cn="10" cr="0,0,0,0">107</C>
	<C cn="10" cr="0,0,0,0">101</C>
	<C cn="10" cr="0,0,0,0">32</C>
	<C cn="10" cr="0,0,0,0">67</C>
	<C cn="10" cr="0,0,0,0">105</C>
	<C cn="10" cr="0,0,0,0">116</C>
	<C cn="10" cr="0,0,0,0">121</C>
	<C cn="10" cr="0,0,0,0">44</C>
	<C cn="10" cr="0,0,0,0">32</C>
	<C cn="10" cr="0,0,0,0">85</C>
	<C cn="10" cr="0,0,0,0">84</C>
	<C cn="10" cr="0,0,0,0">32</C>
	<C cn="10" cr="0,0,0,0">56</C>
	<C cn="10" cr="0,0,0,0">52</C>
	<C cn="10" cr="0,0,0,0">49</C>
	<C cn="10" cr="0,0,0,0">48</C>
	<C cn="10" cr="0,0,0,0">49</C>
</F>
<F id="SubTotal">
	<V n="TYPE">SubTotal</V>
	<V n="Position">2157,2406,2252,2430</V>
	<V n="STATUS">0</V>
	<C cn="10" cr="0,0,0,0">53</C>
	<C cn="10" cr="0,0,0,0">51</C>
	<C cn="10" cr="0,0,0,0">54</C>
	<C cn="10" cr="0,0,0,0">46</C>
	<C cn="10" cr="0,0,0,0">53</C>
	<C cn="10" cr="0,0,0,0">48</C>
</F>
<F id="Tax">
	<V n="TYPE">Tax</V>
	<V n="Position">2174,2485,2252,2509</V>
	<V n="STATUS">0</V>
	<C cn="10" cr="0,0,0,0">52</C>
	<C cn="10" cr="0,0,0,0">50</C>
	<C cn="10" cr="0,0,0,0">46</C>
	<C cn="10" cr="0,0,0,0">57</C>
	<C cn="10" cr="0,0,0,0">50</C>
</F>
<F id="Total">
	<V n="TYPE">Total</V>
	<V n="Position">2157,2564,2252,2588</V>
	<V n="STATUS">0</V>
	<C cn="10" cr="0,0,0,0">53</C>
	<C cn="10" cr="0,0,0,0">55</C>
	<C cn="10" cr="0,0,0,0">57</C>
	<C cn="10" cr="0,0,0,0">46</C>
	<C cn="10" cr="0,0,0,0">52</C>
	<C cn="10" cr="0,0,0,0">50</C>
</F>
<F id="MyLineItem">
	<V n="TYPE">MyLineItem</V>
	<V n="Position">228,1448,2248,1634</V>
	<V n="STATUS">0</V>
	<F id="MyLineItem1">
		<V n="Position">228,1448,2248,1483</V>
		<V n="STATUS">0</V>
		<F id="Quantity">
			<V n="Position">228,1448,246,1476</V>
			<V n="STATUS">0</V>
			<C cn="10" cr="0,0,0,0">54</C>
		</F>
		<F id="Item Number">
			<V n="Position">455,1448,508,1476</V>
			<V n="STATUS">0</V>
			<C cn="10" cr="0,0,0,0">50</C>
			<C cn="10" cr="0,0,0,0">48</C>
			<C cn="10" cr="0,0,0,0">49</C>
		</F>
		<F id="Description">
			<V n="Position">682,1448,1069,1483</V>
			<V n="STATUS">0</V>
			<C cn="10" cr="0,0,0,0">84</C>
			<C cn="10" cr="0,0,0,0">114</C>
			<C cn="10" cr="0,0,0,0">117</C>
			<C cn="10" cr="0,0,0,0">99</C>
			<C cn="10" cr="0,0,0,0">107</C>
			<C cn="10" cr="0,0,0,0">105</C>
			<C cn="10" cr="0,0,0,0">110</C>
			<C cn="10" cr="0,0,0,0">103</C>
			<C cn="10" cr="0,0,0,0">32</C>
			<C cn="10" cr="0,0,0,0">45</C>
			<C cn="10" cr="0,0,0,0">32</C>
			<C cn="10" cr="0,0,0,0">84</C>
			<C cn="10" cr="0,0,0,0">105</C>
			<C cn="10" cr="0,0,0,0">99</C>
			<C cn="10" cr="0,0,0,0">107</C>
			<C cn="10" cr="0,0,0,0">101</C>
			<C cn="10" cr="0,0,0,0">116</C>
			<C cn="10" cr="0,0,0,0">32</C>
			<C cn="10" cr="0,0,0,0">49</C>
			<C cn="10" cr="0,0,0,0">51</C>
			<C cn="10" cr="0,0,0,0">56</C>
			<C cn="10" cr="0,0,0,0">52</C>
			<C cn="10" cr="0,0,0,0">50</C>
			<C cn="10" cr="0,0,0,0">51</C>
		</F>
		<F id="Unit Price">
			<V n="Position">1673,1448,1761,1476</V>
			<V n="STATUS">0</V>
			<C cn="10" cr="0,0,0,0">54</C>
			<C cn="10" cr="0,0,0,0">53</C>
			<C cn="10" cr="0,0,0,0">46</C>
			<C cn="10" cr="0,0,0,0">48</C>
			<C cn="10" cr="0,0,0,0">48</C>
		</F>
		<F id="Line Total">
			<V n="Position">2141,1448,2248,1476</V>
			<V n="STATUS">0</V>
			<C cn="10" cr="0,0,0,0">51</C>
			<C cn="10" cr="0,0,0,0">57</C>
			<C cn="10" cr="0,0,0,0">48</C>
			<C cn="10" cr="0,0,0,0">46</C>
			<C cn="10" cr="0,0,0,0">48</C>
			<C cn="10" cr="0,0,0,0">48</C>
		</F>
	</F>
	<F id="MyLineItem2">
		<V n="Position">231,1527,2248,1555</V>
		<V n="STATUS">0</V>
		<F id="Quantity">
			<V n="Position">231,1527,266,1555</V>
			<V n="STATUS">0</V>
			<C cn="10" cr="0,0,0,0">49</C>
			<C cn="10" cr="0,0,0,0">57</C>
		</F>
		<F id="Item Number">
			<V n="Position">455,1527,513,1555</V>
			<V n="STATUS">0</V>
			<C cn="10" cr="0,0,0,0">50</C>
			<C cn="10" cr="0,0,0,0">48</C>
			<C cn="10" cr="0,0,0,0">54</C>
		</F>
		<F id="Description">
			<V n="Position">684,1527,751,1555</V>
			<V n="STATUS">0</V>
			<C cn="10" cr="0,0,0,0">75</C>
			<C cn="10" cr="0,0,0,0">67</C>
			<C cn="10" cr="0,0,0,0">76</C>
		</F>
		<F id="Unit Price">
			<V n="Position">1693,1527,1761,1555</V>
			<V n="STATUS">0</V>
			<C cn="10" cr="0,0,0,0">54</C>
			<C cn="10" cr="0,0,0,0">46</C>
			<C cn="10" cr="0,0,0,0">48</C>
			<C cn="10" cr="0,0,0,0">48</C>
		</F>
		<F id="Line Total">
			<V n="Position">2146,1527,2248,1555</V>
			<V n="STATUS">0</V>
			<C cn="10" cr="0,0,0,0">49</C>
			<C cn="10" cr="0,0,0,0">49</C>
			<C cn="10" cr="0,0,0,0">52</C>
			<C cn="10" cr="0,0,0,0">46</C>
			<C cn="10" cr="0,0,0,0">48</C>
			<C cn="10" cr="0,0,0,0">48</C>
		</F>
	</F>
	<F id="MyLineItem3">
		<V n="Position">231,1606,2248,1634</V>
		<V n="STATUS">0</V>
		<F id="Quantity">
			<V n="Position">231,1606,286,1634</V>
			<V n="STATUS">0</V>
			<C cn="10" cr="0,0,0,0">49</C>
			<C cn="10" cr="0,0,0,0">51</C>
			<C cn="10" cr="0,0,0,0">48</C>
		</F>
		<F id="Item Number">
			<V n="Position">455,1606,513,1634</V>
			<V n="STATUS">0</V>
			<C cn="10" cr="0,0,0,0">50</C>
			<C cn="10" cr="0,0,0,0">48</C>
			<C cn="10" cr="0,0,0,0">51</C>
		</F>
		<F id="Description">
			<V n="Position">684,1606,878,1634</V>
			<V n="STATUS">0</V>
			<C cn="10" cr="0,0,0,0">70</C>
			<C cn="10" cr="0,0,0,0">114</C>
			<C cn="10" cr="0,0,0,0">101</C>
			<C cn="10" cr="0,0,0,0">115</C>
			<C cn="10" cr="0,0,0,0">104</C>
			<C cn="10" cr="0,0,0,0">32</C>
			<C cn="10" cr="0,0,0,0">87</C>
			<C cn="10" cr="0,0,0,0">97</C>
			<C cn="10" cr="0,0,0,0">116</C>
			<C cn="10" cr="0,0,0,0">101</C>
			<C cn="10" cr="0,0,0,0">114</C>
		</F>
		<F id="Unit Price">
			<V n="Position">1715,1606,1761,1634</V>
			<V n="STATUS">0</V>
			<C cn="10" cr="0,0,0,0">46</C>
			<C cn="10" cr="0,0,0,0">50</C>
			<C cn="10" cr="0,0,0,0">53</C>
		</F>
		<F id="Line Total">
			<V n="Position">2161,1606,2248,1634</V>
			<V n="STATUS">0</V>
			<C cn="10" cr="0,0,0,0">51</C>
			<C cn="10" cr="0,0,0,0">50</C>
			<C cn="10" cr="0,0,0,0">46</C>
			<C cn="10" cr="0,0,0,0">53</C>
			<C cn="10" cr="0,0,0,0">48</C>
		</F>
	</F>
</F>
</P>
