<?xml-stylesheet type="text/xsl" href="..\..\dco.xsl"?>
<B id="20240723.000001">
	<V n="TYPE">watsonxai</V>
	<V n="LAST_RR_TPROFILE">VScan:3</V>
	<P id="TM000001">
		<V n="TYPE">Other</V>
		<V n="STATUS">49</V>
		<V n="IMAGEFILE">tm000001.pdf</V>
		<V n="PageName">6900026063</V>
		<V n="ScanSrcPath">C:\Datacap\watsonxai\images\Input\6900026063.pdf</V>
	</P>
	<P id="TM000002">
		<V n="TYPE">Other</V>
		<V n="STATUS">49</V>
		<V n="IMAGEFILE">tm000002.tif</V>
		<V n="PageName">APT004</V>
		<V n="ScanSrcPath">C:\Datacap\watsonxai\images\Input\APT004.tif</V>
	</P>
	<P id="TM000003">
		<V n="TYPE">Other</V>
		<V n="STATUS">49</V>
		<V n="IMAGEFILE">tm000003.tif</V>
		<V n="PageName">APT008</V>
		<V n="ScanSrcPath">C:\Datacap\watsonxai\images\Input\APT008.tif</V>
	</P>
	<P id="TM000004">
		<V n="TYPE">Other</V>
		<V n="STATUS">49</V>
		<V n="IMAGEFILE">tm000004.tif</V>
		<V n="PageName">BOL_001</V>
		<V n="ScanSrcPath">C:\Datacap\watsonxai\images\Input\BOL_001.tif</V>
	</P>
	<P id="TM000005">
		<V n="TYPE">Other</V>
		<V n="STATUS">49</V>
		<V n="IMAGEFILE">tm000005.tiff</V>
		<V n="PageName">BOL_009_1_1</V>
		<V n="ScanSrcPath">C:\Datacap\watsonxai\images\Input\BOL_009_1_1.1.tiff</V>
	</P>
	<P id="TM000006">
		<V n="TYPE">Other</V>
		<V n="STATUS">49</V>
		<V n="IMAGEFILE">tm000006.tif</V>
		<V n="PageName">UBILLCable_082_1_1</V>
		<V n="ScanSrcPath">C:\Datacap\watsonxai\images\Input\UBILLCable_082_1_1.1.tif</V>
	</P>
</B>
