<?xml-stylesheet type="text/xsl" href="..\..\dco.xsl"?>
<P id="TM000005">
<F id="BOLDate">
	<V n="TYPE">BOLDate</V>
	<V n="Position">0,0,0,0</V>
	<V n="STATUS">0</V>
</F>
<F id="BOLNumber">
	<V n="TYPE">BOLNumber</V>
	<V n="Position">0,0,0,0</V>
	<V n="STATUS">0</V>
</F>
<F id="BOLShipper">
	<V n="TYPE">BOLShipper</V>
	<V n="Position">0,0,0,0</V>
	<V n="STATUS">0</V>
</F>
<F id="BOLCustomer">
	<V n="TYPE">BOLCustomer</V>
	<V n="Position">0,0,0,0</V>
	<V n="STATUS">0</V>
</F>
</P>
