<?xml-stylesheet type="text/xsl" href="..\..\dco.xsl"?>
<P id="TM000006">
<F id="UtilityCustomer">
	<V n="TYPE">UtilityCustomer</V>
	<V n="Position">0,0,0,0</V>
	<V n="STATUS">0</V>
</F>
<F id="UtilityBillDate">
	<V n="TYPE">UtilityBillDate</V>
	<V n="Position">0,0,0,0</V>
	<V n="STATUS">0</V>
</F>
<F id="UtilityDueDate">
	<V n="TYPE">UtilityDueDate</V>
	<V n="Position">0,0,0,0</V>
	<V n="STATUS">0</V>
</F>
<F id="UtilityAccount">
	<V n="TYPE">UtilityAccount</V>
	<V n="Position">0,0,0,0</V>
	<V n="STATUS">0</V>
</F>
<F id="UtilityDue">
	<V n="TYPE">UtilityDue</V>
	<V n="Position">0,0,0,0</V>
	<V n="STATUS">0</V>
</F>
</P>
