<?xml-stylesheet type="text/xsl" href="..\..\dco.xsl"?>
<P id="TM000002">
<F id="InvoiceNum">
	<V n="TYPE">InvoiceNum</V>
	<V n="Position">0,0,0,0</V>
	<V n="STATUS">0</V>
</F>
<F id="BillToName">
	<V n="TYPE">BillToName</V>
	<V n="Position">0,0,0,0</V>
	<V n="STATUS">0</V>
</F>
<F id="BillToAddress">
	<V n="TYPE">BillToAddress</V>
	<V n="Position">0,0,0,0</V>
	<V n="STATUS">0</V>
</F>
<F id="Date">
	<V n="TYPE">Date</V>
	<V n="Position">0,0,0,0</V>
	<V n="STATUS">0</V>
</F>
<F id="ShipTo">
	<V n="TYPE">ShipTo</V>
	<V n="Position">0,0,0,0</V>
	<V n="STATUS">0</V>
</F>
<F id="SubTotal">
	<V n="TYPE">SubTotal</V>
	<V n="Position">0,0,0,0</V>
	<V n="STATUS">0</V>
</F>
<F id="Tax">
	<V n="TYPE">Tax</V>
	<V n="Position">0,0,0,0</V>
	<V n="STATUS">0</V>
</F>
<F id="Total">
	<V n="TYPE">Total</V>
	<V n="Position">0,0,0,0</V>
	<V n="STATUS">0</V>
</F>
<F id="MyLineItem">
	<V n="TYPE">MyLineItem</V>
	<V n="Position">0,0,0,0</V>
	<V n="STATUS">0</V>
</F>
</P>
