{
  "Invoice Number": "6900026063",
  "Bill To Name": "FUJITSU SERVICES LTD",
  "Bill To Address": "LOVELACE ROAD<br>RG12 8SN BRACKNELL<br>United Kingdom",
  "Invoice Date": "02/04/2024",
  "Ship To Name And Address": "FUJITSU SERVICES LTD<br><br>SUPPLY &amp; LIFECYCLE SERVICES<br><br>TRAFALGAR HOUSE, TEMPLE COURT<br>DATA AVENUE<br><br>WA3 6GD RISLEY WARRINGTON<br>United Kingdom",
  "Sub total": "288,629.05",
  "Tax": "57,725.81",
  "Total": "346,354.86",
  "Line Items": [
    {
      "Description": "IBM Maintenance",
      "Date from / to": "",
      "VAT %": "",
      "Net Amount": ""
    },
    {
      "Description": "Customer reference: INVOICE FOR CONTRACT ID-00233273<br>AS PER SIGNED IBM Technology Lifecycle Services (TLS)<br>Schedule, SIGNED FOR BY Clive Rees ON 07/07/2023<br>PURCHASE ORDER NUMBER: 4600012036<br>LINE ITEM 10: IBM:Q-00355648<br>IBM INTERNAL REF: MM, GTSGB24040213292287-1<br>Purchase Order Number: 4600012036<br>",
      "Date from / to": "01/04/2024 - 30/06/2024",
      "VAT %": "20.00",
      "Net Amount": "288,629.05"
    }
  ]
}